"id","sheet","target","excel_judge","assessment","evidence","note"
"A-001","A","Win Chrome / コース選択 / index.asp / ブレークポイント表示","未実施","未実施","","実ブラウザで該当画面・該当項目を手順通り完全検証できていないため未実施。前回の静的確認を合格扱いするのは不適切と判断し訂正。"
"A-002","A","Win Chrome / コース選択 / index.asp / 横スクロール発生なし","未実施","未実施","","実ブラウザで該当画面・該当項目を手順通り完全検証できていないため未実施。前回の静的確認を合格扱いするのは不適切と判断し訂正。"
"A-003","A","Win Chrome / コース選択 / index.asp / ヘッダ画像の追従","未実施","未実施","","実ブラウザで該当画面・該当項目を手順通り完全検証できていないため未実施。前回の静的確認を合格扱いするのは不適切と判断し訂正。 751～900px帯は未検証のため、別途確認が必要。"
"A-004","A","Win Chrome / コース選択 / index.asp / パンくずの折返し","未実施","未実施","","実ブラウザで該当画面・該当項目を手順通り完全検証できていないため未実施。前回の静的確認を合格扱いするのは不適切と判断し訂正。"
"A-005","A","Win Chrome / コース選択 / index.asp / ボタン配置(action-row)","未実施","未実施","","実ブラウザで該当画面・該当項目を手順通り完全検証できていないため未実施。前回の静的確認を合格扱いするのは不適切と判断し訂正。"
"A-006","A","Win Chrome / コース選択 / index.asp / タップターゲット","未実施","未実施","","実ブラウザで該当画面・該当項目を手順通り完全検証できていないため未実施。前回の静的確認を合格扱いするのは不適切と判断し訂正。"
"A-007","A","Win Chrome / コース選択 / index.asp / 縦/横画面切替","未実施","未実施","","実ブラウザで該当画面・該当項目を手順通り完全検証できていないため未実施。前回の静的確認を合格扱いするのは不適切と判断し訂正。"
"A-008","A","Win Chrome / コース選択 / index.asp / ブラウザズーム200%","未実施","未実施","","実ブラウザで該当画面・該当項目を手順通り完全検証できていないため未実施。前回の静的確認を合格扱いするのは不適切と判断し訂正。"
"A-009","A","Win Chrome / コース選択 / index.asp / 文字エンコード","未実施","未実施","","ソース基準: CodePage=932 / Session.CodePage=932 / meta charset=shift_jis あり。表示確認は要ログインのため未実施。"
"A-010","A","Win Chrome / コース選択 / index.asp / 長文・端値表示","未実施","未実施","","実ブラウザで該当画面・該当項目を手順通り完全検証できていないため未実施。前回の静的確認を合格扱いするのは不適切と判断し訂正。"
"A-011","A","Win Chrome / コース選択 / index.asp / フォント・行間","未実施","未実施","","実ブラウザで該当画面・該当項目を手順通り完全検証できていないため未実施。前回の静的確認を合格扱いするのは不適切と判断し訂正。"
"A-012","A","Win Chrome / コース選択 / index.asp / 画像欠落時(alt)","未実施","未実施","","実ブラウザで該当画面・該当項目を手順通り完全検証できていないため未実施。前回の静的確認を合格扱いするのは不適切と判断し訂正。"
"A-013","A","Win Chrome / 予約・キャンセル / main.asp / ブレークポイント表示","合格","合格","C:\sources\asp\netcampus\hao\work\_reserve2\test_evidence\section3_20260617\section3_results.json | C:\sources\asp\netcampus\hao\work\_reserve2\test_evidence\section3_20260617\chrome_main_320_edge_20260617.png | C:\sources\asp\netcampus\hao\work\_reserve2\test_evidence\section3_20260617\chrome_main_375_core_20260617.png | C:\sources\asp\netcampus\hao\work\_reserve2\test_evidence\section3_20260617\chrome_main_768_core_20260617.png | C:\sources\asp\netcampus\hao\work\_reserve2\test_evidence\section3_20260617\chrome_main_900_edge_20260617.png | C:\sources\asp\netcampus\hao\work\_reserve2\test_evidence\section3_20260617\chrome_main_1280_core_20260617.png | C:\sources\asp\netcampus\hao\work\_reserve2\test_evidence\section3_20260617\chrome_main_1920_edge_20260617.png","Chrome section3 実測。320/375/768/900/1280/1920px のスクリーンショットで大きな崩れなし。evidence: section3_results.json, chrome_main_*_20260617.png"
"A-014","A","Win Chrome / 予約・キャンセル / main.asp / 横スクロール発生なし","合格","合格","C:\sources\asp\netcampus\hao\work\_reserve2\test_evidence\section3_20260617\section3_results.json | C:\sources\asp\netcampus\hao\work\_reserve2\test_evidence\section3_20260617\chrome_main_320_edge_20260617.png | C:\sources\asp\netcampus\hao\work\_reserve2\test_evidence\section3_20260617\chrome_main_375_core_20260617.png | C:\sources\asp\netcampus\hao\work\_reserve2\test_evidence\section3_20260617\chrome_main_768_core_20260617.png | C:\sources\asp\netcampus\hao\work\_reserve2\test_evidence\section3_20260617\chrome_main_900_edge_20260617.png | C:\sources\asp\netcampus\hao\work\_reserve2\test_evidence\section3_20260617\chrome_main_1280_core_20260617.png | C:\sources\asp\netcampus\hao\work\_reserve2\test_evidence\section3_20260617\chrome_main_1920_edge_20260617.png","Chrome section3 実測。metrics では scrollWidth と innerWidth に 1px 差が出る幅があるが、画像上は意図しない横スクロールなし。画像判定を優先。evidence: section3_results.json, chrome_main_*_20260617.png"
"A-015","A","Win Chrome / 予約・キャンセル / main.asp / ヘッダ画像の追従","合格","合格","C:\sources\asp\netcampus\hao\work\_reserve2\test_evidence\section3_20260617\section3_results.json | C:\sources\asp\netcampus\hao\work\_reserve2\test_evidence\section3_20260617\chrome_main_320_edge_20260617.png | C:\sources\asp\netcampus\hao\work\_reserve2\test_evidence\section3_20260617\chrome_main_375_core_20260617.png | C:\sources\asp\netcampus\hao\work\_reserve2\test_evidence\section3_20260617\chrome_main_768_core_20260617.png | C:\sources\asp\netcampus\hao\work\_reserve2\test_evidence\section3_20260617\chrome_main_900_edge_20260617.png | C:\sources\asp\netcampus\hao\work\_reserve2\test_evidence\section3_20260617\chrome_main_1280_core_20260617.png | C:\sources\asp\netcampus\hao\work\_reserve2\test_evidence\section3_20260617\chrome_main_1920_edge_20260617.png","Chrome section3 実測。headerOverflow の機械判定は厳しめだが、画像上は 320〜1920px でヘッダ追従に大きな崩れなし。evidence: section3_results.json, chrome_main_*_20260617.png"
"A-016","A","Win Chrome / 予約・キャンセル / main.asp / パンくずの折返し","合格","合格","","Chrome section3 実測。狭幅画像でパンくず周辺の重なりなし。evidence: chrome_main_320_edge_20260617.png, chrome_main_375_core_20260617.png"
"A-017","A","Win Chrome / 予約・キャンセル / main.asp / テーブルのレスポンシブ化","合格","合格","","Chrome section3 実測。予約一覧は狭幅でも内容を読める状態を確認。evidence: chrome_main_320_edge_20260617.png, chrome_main_375_core_20260617.png, chrome_main_768_core_20260617.png"
"A-018","A","Win Chrome / 予約・キャンセル / main.asp / ボタン配置(action-row)","合格","合格","C:\sources\asp\netcampus\hao\work\_reserve2\test_evidence\section3_20260617\chrome_main_320_edge_20260617.png | C:\sources\asp\netcampus\hao\work\_reserve2\test_evidence\section3_20260617\chrome_main_375_core_20260617.png | C:\sources\asp\netcampus\hao\work\_reserve2\test_evidence\section3_20260617\chrome_main_768_core_20260617.png | C:\sources\asp\netcampus\hao\work\_reserve2\test_evidence\section3_20260617\chrome_main_900_edge_20260617.png | C:\sources\asp\netcampus\hao\work\_reserve2\test_evidence\section3_20260617\chrome_main_1280_core_20260617.png | C:\sources\asp\netcampus\hao\work\_reserve2\test_evidence\section3_20260617\chrome_main_1920_edge_20260617.png","Chrome section3 実測。主要ボタンは各幅で破綻なく表示。evidence: chrome_main_*_20260617.png"
"A-019","A","Win Chrome / 予約・キャンセル / main.asp / タップターゲット","合格","合格","","Chrome section3 実測。375px タップ確認画像で主要操作要素の押下状態を確認。evidence: chrome_main_375_tap_20260617.png"
"A-020","A","Win Chrome / 予約・キャンセル / main.asp / フォーム入力域(select)","合格","合格","C:\sources\asp\netcampus\hao\work\_reserve2\test_evidence\section3_20260617\section3_results.json | C:\sources\asp\netcampus\hao\work\_reserve2\test_evidence\section3_20260617\chrome_main_320_edge_20260617.png | C:\sources\asp\netcampus\hao\work\_reserve2\test_evidence\section3_20260617\chrome_main_375_core_20260617.png | C:\sources\asp\netcampus\hao\work\_reserve2\test_evidence\section3_20260617\chrome_main_768_core_20260617.png | C:\sources\asp\netcampus\hao\work\_reserve2\test_evidence\section3_20260617\chrome_main_900_edge_20260617.png | C:\sources\asp\netcampus\hao\work\_reserve2\test_evidence\section3_20260617\chrome_main_1280_core_20260617.png | C:\sources\asp\netcampus\hao\work\_reserve2\test_evidence\section3_20260617\chrome_main_1920_edge_20260617.png","Chrome section3 実測。学校選択 select の表示領域を確認。evidence: section3_results.json, chrome_main_*_20260617.png"
"A-021","A","Win Chrome / 予約・キャンセル / main.asp / 縦/横画面切替","未実施","未実施","","実ブラウザで該当画面・該当項目を手順通り完全検証できていないため未実施。前回の静的確認を合格扱いするのは不適切と判断し訂正。"
"A-022","A","Win Chrome / 予約・キャンセル / main.asp / ブラウザズーム200%","未実施","未実施","","実ブラウザで該当画面・該当項目を手順通り完全検証できていないため未実施。前回の静的確認を合格扱いするのは不適切と判断し訂正。"
"A-023","A","Win Chrome / 予約・キャンセル / main.asp / 文字エンコード","合格","合格","C:\sources\asp\netcampus\hao\work\_reserve2\test_evidence\section3_20260617\section3_results.json | C:\sources\asp\netcampus\hao\work\_reserve2\test_evidence\section3_20260617\chrome_main_320_edge_20260617.png | C:\sources\asp\netcampus\hao\work\_reserve2\test_evidence\section3_20260617\chrome_main_375_core_20260617.png | C:\sources\asp\netcampus\hao\work\_reserve2\test_evidence\section3_20260617\chrome_main_768_core_20260617.png | C:\sources\asp\netcampus\hao\work\_reserve2\test_evidence\section3_20260617\chrome_main_900_edge_20260617.png | C:\sources\asp\netcampus\hao\work\_reserve2\test_evidence\section3_20260617\chrome_main_1280_core_20260617.png | C:\sources\asp\netcampus\hao\work\_reserve2\test_evidence\section3_20260617\chrome_main_1920_edge_20260617.png","Chrome section3 実測。meta charset / document.characterSet は Shift_JIS。画面上の日本語表示も問題なし。evidence: section3_results.json, chrome_main_*_20260617.png"
"A-024","A","Win Chrome / 予約・キャンセル / main.asp / 長文・端値表示","未実施","未実施","","実ブラウザで該当画面・該当項目を手順通り完全検証できていないため未実施。前回の静的確認を合格扱いするのは不適切と判断し訂正。"
"A-025","A","Win Chrome / 予約・キャンセル / main.asp / フォント・行間","合格","合格","C:\sources\asp\netcampus\hao\work\_reserve2\test_evidence\section3_20260617\chrome_main_320_edge_20260617.png | C:\sources\asp\netcampus\hao\work\_reserve2\test_evidence\section3_20260617\chrome_main_375_core_20260617.png | C:\sources\asp\netcampus\hao\work\_reserve2\test_evidence\section3_20260617\chrome_main_768_core_20260617.png | C:\sources\asp\netcampus\hao\work\_reserve2\test_evidence\section3_20260617\chrome_main_900_edge_20260617.png | C:\sources\asp\netcampus\hao\work\_reserve2\test_evidence\section3_20260617\chrome_main_1280_core_20260617.png | C:\sources\asp\netcampus\hao\work\_reserve2\test_evidence\section3_20260617\chrome_main_1920_edge_20260617.png","Chrome section3 実測。320〜1920px の画像で本文・見出しの可読性を確認。evidence: chrome_main_*_20260617.png"
"A-026","A","Win Chrome / 予約・キャンセル / main.asp / 画像欠落時(alt)","未実施","未実施","","実ブラウザで該当画面・該当項目を手順通り完全検証できていないため未実施。前回の静的確認を合格扱いするのは不適切と判断し訂正。"
"A-027","A","Win Chrome / クラス選択 / reserve.asp / ブレークポイント表示","合格","合格","C:\sources\asp\netcampus\hao\work\_reserve2\test_evidence\section3_20260617\section3_results.json | C:\sources\asp\netcampus\hao\work\_reserve2\test_evidence\section3_20260617\chrome_reserve_intro_320_edge_20260617.png | C:\sources\asp\netcampus\hao\work\_reserve2\test_evidence\section3_20260617\chrome_reserve_intro_375_core_20260617.png | C:\sources\asp\netcampus\hao\work\_reserve2\test_evidence\section3_20260617\chrome_reserve_intro_768_core_20260617.png | C:\sources\asp\netcampus\hao\work\_reserve2\test_evidence\section3_20260617\chrome_reserve_intro_900_edge_20260617.png | C:\sources\asp\netcampus\hao\work\_reserve2\test_evidence\section3_20260617\chrome_reserve_intro_1280_core_20260617.png | C:\sources\asp\netcampus\hao\work\_reserve2\test_evidence\section3_20260617\chrome_reserve_intro_1920_edge_20260617.png | C:\sources\asp\netcampus\hao\work\_reserve2\test_evidence\section3_20260617\chrome_reserve_list_320_edge_20260617.png | C:\sources\asp\netcampus\hao\work\_reserve2\test_evidence\section3_20260617\chrome_reserve_list_375_core_20260617.png | C:\sources\asp\netcampus\hao\work\_reserve2\test_evidence\section3_20260617\chrome_reserve_list_768_core_20260617.png | C:\sources\asp\netcampus\hao\work\_reserve2\test_evidence\section3_20260617\chrome_reserve_list_900_edge_20260617.png | C:\sources\asp\netcampus\hao\work\_reserve2\test_evidence\section3_20260617\chrome_reserve_list_1280_core_20260617.png | C:\sources\asp\netcampus\hao\work\_reserve2\test_evidence\section3_20260617\chrome_reserve_list_1920_edge_20260617.png","Chrome section3 実測。320/375/768/900/1280/1920px のスクリーンショットで大きな崩れなし。evidence: section3_results.json, chrome_reserve_intro_*_20260617.png, chrome_reserve_list_*_20260617.png"
"A-028","A","Win Chrome / クラス選択 / reserve.asp / 横スクロール発生なし","合格","合格","C:\sources\asp\netcampus\hao\work\_reserve2\test_evidence\section3_20260617\section3_results.json | C:\sources\asp\netcampus\hao\work\_reserve2\test_evidence\section3_20260617\chrome_reserve_intro_320_edge_20260617.png | C:\sources\asp\netcampus\hao\work\_reserve2\test_evidence\section3_20260617\chrome_reserve_intro_375_core_20260617.png | C:\sources\asp\netcampus\hao\work\_reserve2\test_evidence\section3_20260617\chrome_reserve_intro_768_core_20260617.png | C:\sources\asp\netcampus\hao\work\_reserve2\test_evidence\section3_20260617\chrome_reserve_intro_900_edge_20260617.png | C:\sources\asp\netcampus\hao\work\_reserve2\test_evidence\section3_20260617\chrome_reserve_intro_1280_core_20260617.png | C:\sources\asp\netcampus\hao\work\_reserve2\test_evidence\section3_20260617\chrome_reserve_intro_1920_edge_20260617.png | C:\sources\asp\netcampus\hao\work\_reserve2\test_evidence\section3_20260617\chrome_reserve_list_320_edge_20260617.png | C:\sources\asp\netcampus\hao\work\_reserve2\test_evidence\section3_20260617\chrome_reserve_list_375_core_20260617.png | C:\sources\asp\netcampus\hao\work\_reserve2\test_evidence\section3_20260617\chrome_reserve_list_768_core_20260617.png | C:\sources\asp\netcampus\hao\work\_reserve2\test_evidence\section3_20260617\chrome_reserve_list_900_edge_20260617.png | C:\sources\asp\netcampus\hao\work\_reserve2\test_evidence\section3_20260617\chrome_reserve_list_1280_core_20260617.png | C:\sources\asp\netcampus\hao\work\_reserve2\test_evidence\section3_20260617\chrome_reserve_list_1920_edge_20260617.png","Chrome section3 実測。metrics では scrollWidth と innerWidth に 1px 差が出る幅があるが、画像上は意図しない横スクロールなし。画像判定を優先。evidence: section3_results.json, chrome_reserve_intro_*_20260617.png, chrome_reserve_list_*_20260617.png"
"A-029","A","Win Chrome / クラス選択 / reserve.asp / ヘッダ画像の追従","合格","合格","C:\sources\asp\netcampus\hao\work\_reserve2\test_evidence\section3_20260617\section3_results.json | C:\sources\asp\netcampus\hao\work\_reserve2\test_evidence\section3_20260617\chrome_reserve_intro_320_edge_20260617.png | C:\sources\asp\netcampus\hao\work\_reserve2\test_evidence\section3_20260617\chrome_reserve_intro_375_core_20260617.png | C:\sources\asp\netcampus\hao\work\_reserve2\test_evidence\section3_20260617\chrome_reserve_intro_768_core_20260617.png | C:\sources\asp\netcampus\hao\work\_reserve2\test_evidence\section3_20260617\chrome_reserve_intro_900_edge_20260617.png | C:\sources\asp\netcampus\hao\work\_reserve2\test_evidence\section3_20260617\chrome_reserve_intro_1280_core_20260617.png | C:\sources\asp\netcampus\hao\work\_reserve2\test_evidence\section3_20260617\chrome_reserve_intro_1920_edge_20260617.png | C:\sources\asp\netcampus\hao\work\_reserve2\test_evidence\section3_20260617\chrome_reserve_list_320_edge_20260617.png | C:\sources\asp\netcampus\hao\work\_reserve2\test_evidence\section3_20260617\chrome_reserve_list_375_core_20260617.png | C:\sources\asp\netcampus\hao\work\_reserve2\test_evidence\section3_20260617\chrome_reserve_list_768_core_20260617.png | C:\sources\asp\netcampus\hao\work\_reserve2\test_evidence\section3_20260617\chrome_reserve_list_900_edge_20260617.png | C:\sources\asp\netcampus\hao\work\_reserve2\test_evidence\section3_20260617\chrome_reserve_list_1280_core_20260617.png | C:\sources\asp\netcampus\hao\work\_reserve2\test_evidence\section3_20260617\chrome_reserve_list_1920_edge_20260617.png","Chrome section3 実測。headerOverflow の機械判定は厳しめだが、画像上は 320〜1920px でヘッダ追従に大きな崩れなし。evidence: section3_results.json, chrome_reserve_intro_*_20260617.png, chrome_reserve_list_*_20260617.png"
"A-030","A","Win Chrome / クラス選択 / reserve.asp / パンくずの折返し","合格","合格","","Chrome section3 実測。狭幅画像でパンくず周辺の重なりなし。evidence: chrome_reserve_intro_320_edge_20260617.png, chrome_reserve_intro_375_core_20260617.png"
"A-031","A","Win Chrome / クラス選択 / reserve.asp / テーブルのレスポンシブ化","合格","合格","C:\sources\asp\netcampus\hao\work\_reserve2\test_evidence\section3_20260617\chrome_reserve_list_320_edge_20260617.png | C:\sources\asp\netcampus\hao\work\_reserve2\test_evidence\section3_20260617\chrome_reserve_list_375_core_20260617.png | C:\sources\asp\netcampus\hao\work\_reserve2\test_evidence\section3_20260617\chrome_reserve_list_768_core_20260617.png | C:\sources\asp\netcampus\hao\work\_reserve2\test_evidence\section3_20260617\chrome_reserve_list_900_edge_20260617.png | C:\sources\asp\netcampus\hao\work\_reserve2\test_evidence\section3_20260617\chrome_reserve_list_1280_core_20260617.png | C:\sources\asp\netcampus\hao\work\_reserve2\test_evidence\section3_20260617\chrome_reserve_list_1920_edge_20260617.png","Chrome section3 実測。予約一覧は 320〜1920px で内容を読める状態を確認。evidence: chrome_reserve_list_*_20260617.png"
"A-032","A","Win Chrome / クラス選択 / reserve.asp / カレンダー表示","合格","合格","C:\sources\asp\netcampus\hao\work\_reserve2\test_evidence\section3_20260617\chrome_reserve_intro_320_edge_20260617.png | C:\sources\asp\netcampus\hao\work\_reserve2\test_evidence\section3_20260617\chrome_reserve_intro_375_core_20260617.png | C:\sources\asp\netcampus\hao\work\_reserve2\test_evidence\section3_20260617\chrome_reserve_intro_768_core_20260617.png | C:\sources\asp\netcampus\hao\work\_reserve2\test_evidence\section3_20260617\chrome_reserve_intro_900_edge_20260617.png | C:\sources\asp\netcampus\hao\work\_reserve2\test_evidence\section3_20260617\chrome_reserve_intro_1280_core_20260617.png | C:\sources\asp\netcampus\hao\work\_reserve2\test_evidence\section3_20260617\chrome_reserve_intro_1920_edge_20260617.png | C:\sources\asp\netcampus\hao\work\_reserve2\test_evidence\section3_20260617\chrome_reserve_list_320_edge_20260617.png | C:\sources\asp\netcampus\hao\work\_reserve2\test_evidence\section3_20260617\chrome_reserve_list_375_core_20260617.png | C:\sources\asp\netcampus\hao\work\_reserve2\test_evidence\section3_20260617\chrome_reserve_list_768_core_20260617.png | C:\sources\asp\netcampus\hao\work\_reserve2\test_evidence\section3_20260617\chrome_reserve_list_900_edge_20260617.png | C:\sources\asp\netcampus\hao\work\_reserve2\test_evidence\section3_20260617\chrome_reserve_list_1280_core_20260617.png | C:\sources\asp\netcampus\hao\work\_reserve2\test_evidence\section3_20260617\chrome_reserve_list_1920_edge_20260617.png","Chrome section3 実測。カレンダーは狭幅でもセル崩れが大きく発生していない。evidence: chrome_reserve_intro_*_20260617.png, chrome_reserve_list_*_20260617.png"
"A-033","A","Win Chrome / クラス選択 / reserve.asp / ボタン配置(action-row)","合格","合格","C:\sources\asp\netcampus\hao\work\_reserve2\test_evidence\section3_20260617\chrome_reserve_intro_320_edge_20260617.png | C:\sources\asp\netcampus\hao\work\_reserve2\test_evidence\section3_20260617\chrome_reserve_intro_375_core_20260617.png | C:\sources\asp\netcampus\hao\work\_reserve2\test_evidence\section3_20260617\chrome_reserve_intro_768_core_20260617.png | C:\sources\asp\netcampus\hao\work\_reserve2\test_evidence\section3_20260617\chrome_reserve_intro_900_edge_20260617.png | C:\sources\asp\netcampus\hao\work\_reserve2\test_evidence\section3_20260617\chrome_reserve_intro_1280_core_20260617.png | C:\sources\asp\netcampus\hao\work\_reserve2\test_evidence\section3_20260617\chrome_reserve_intro_1920_edge_20260617.png | C:\sources\asp\netcampus\hao\work\_reserve2\test_evidence\section3_20260617\chrome_reserve_list_320_edge_20260617.png | C:\sources\asp\netcampus\hao\work\_reserve2\test_evidence\section3_20260617\chrome_reserve_list_375_core_20260617.png | C:\sources\asp\netcampus\hao\work\_reserve2\test_evidence\section3_20260617\chrome_reserve_list_768_core_20260617.png | C:\sources\asp\netcampus\hao\work\_reserve2\test_evidence\section3_20260617\chrome_reserve_list_900_edge_20260617.png | C:\sources\asp\netcampus\hao\work\_reserve2\test_evidence\section3_20260617\chrome_reserve_list_1280_core_20260617.png | C:\sources\asp\netcampus\hao\work\_reserve2\test_evidence\section3_20260617\chrome_reserve_list_1920_edge_20260617.png","Chrome section3 実測。主要ボタンは各幅で破綻なく表示。evidence: chrome_reserve_intro_*_20260617.png, chrome_reserve_list_*_20260617.png"
"A-034","A","Win Chrome / クラス選択 / reserve.asp / タップターゲット","合格","合格","","Chrome section3 実測。375px タップ確認画像で主要操作要素の押下状態を確認。evidence: chrome_reserve_list_375_tap_20260617.png"
"A-035","A","Win Chrome / クラス選択 / reserve.asp / 縦/横画面切替","未実施","未実施","","実ブラウザで該当画面・該当項目を手順通り完全検証できていないため未実施。前回の静的確認を合格扱いするのは不適切と判断し訂正。"
"A-036","A","Win Chrome / クラス選択 / reserve.asp / ブラウザズーム200%","未実施","未実施","","実ブラウザで該当画面・該当項目を手順通り完全検証できていないため未実施。前回の静的確認を合格扱いするのは不適切と判断し訂正。"
"A-037","A","Win Chrome / クラス選択 / reserve.asp / 文字エンコード","合格","合格","C:\sources\asp\netcampus\hao\work\_reserve2\test_evidence\section3_20260617\section3_results.json | C:\sources\asp\netcampus\hao\work\_reserve2\test_evidence\section3_20260617\chrome_reserve_intro_320_edge_20260617.png | C:\sources\asp\netcampus\hao\work\_reserve2\test_evidence\section3_20260617\chrome_reserve_intro_375_core_20260617.png | C:\sources\asp\netcampus\hao\work\_reserve2\test_evidence\section3_20260617\chrome_reserve_intro_768_core_20260617.png | C:\sources\asp\netcampus\hao\work\_reserve2\test_evidence\section3_20260617\chrome_reserve_intro_900_edge_20260617.png | C:\sources\asp\netcampus\hao\work\_reserve2\test_evidence\section3_20260617\chrome_reserve_intro_1280_core_20260617.png | C:\sources\asp\netcampus\hao\work\_reserve2\test_evidence\section3_20260617\chrome_reserve_intro_1920_edge_20260617.png | C:\sources\asp\netcampus\hao\work\_reserve2\test_evidence\section3_20260617\chrome_reserve_list_320_edge_20260617.png | C:\sources\asp\netcampus\hao\work\_reserve2\test_evidence\section3_20260617\chrome_reserve_list_375_core_20260617.png | C:\sources\asp\netcampus\hao\work\_reserve2\test_evidence\section3_20260617\chrome_reserve_list_768_core_20260617.png | C:\sources\asp\netcampus\hao\work\_reserve2\test_evidence\section3_20260617\chrome_reserve_list_900_edge_20260617.png | C:\sources\asp\netcampus\hao\work\_reserve2\test_evidence\section3_20260617\chrome_reserve_list_1280_core_20260617.png | C:\sources\asp\netcampus\hao\work\_reserve2\test_evidence\section3_20260617\chrome_reserve_list_1920_edge_20260617.png","Chrome section3 実測。meta charset / document.characterSet は Shift_JIS。画面上の日本語表示も問題なし。evidence: section3_results.json, chrome_reserve_intro_*_20260617.png, chrome_reserve_list_*_20260617.png"
"A-038","A","Win Chrome / クラス選択 / reserve.asp / 長文・端値表示","未実施","未実施","","実ブラウザで該当画面・該当項目を手順通り完全検証できていないため未実施。前回の静的確認を合格扱いするのは不適切と判断し訂正。"
"A-039","A","Win Chrome / クラス選択 / reserve.asp / フォント・行間","合格","合格","C:\sources\asp\netcampus\hao\work\_reserve2\test_evidence\section3_20260617\chrome_reserve_intro_320_edge_20260617.png | C:\sources\asp\netcampus\hao\work\_reserve2\test_evidence\section3_20260617\chrome_reserve_intro_375_core_20260617.png | C:\sources\asp\netcampus\hao\work\_reserve2\test_evidence\section3_20260617\chrome_reserve_intro_768_core_20260617.png | C:\sources\asp\netcampus\hao\work\_reserve2\test_evidence\section3_20260617\chrome_reserve_intro_900_edge_20260617.png | C:\sources\asp\netcampus\hao\work\_reserve2\test_evidence\section3_20260617\chrome_reserve_intro_1280_core_20260617.png | C:\sources\asp\netcampus\hao\work\_reserve2\test_evidence\section3_20260617\chrome_reserve_intro_1920_edge_20260617.png | C:\sources\asp\netcampus\hao\work\_reserve2\test_evidence\section3_20260617\chrome_reserve_list_320_edge_20260617.png | C:\sources\asp\netcampus\hao\work\_reserve2\test_evidence\section3_20260617\chrome_reserve_list_375_core_20260617.png | C:\sources\asp\netcampus\hao\work\_reserve2\test_evidence\section3_20260617\chrome_reserve_list_768_core_20260617.png | C:\sources\asp\netcampus\hao\work\_reserve2\test_evidence\section3_20260617\chrome_reserve_list_900_edge_20260617.png | C:\sources\asp\netcampus\hao\work\_reserve2\test_evidence\section3_20260617\chrome_reserve_list_1280_core_20260617.png | C:\sources\asp\netcampus\hao\work\_reserve2\test_evidence\section3_20260617\chrome_reserve_list_1920_edge_20260617.png","Chrome section3 実測。320〜1920px の画像で本文・見出しの可読性を確認。evidence: chrome_reserve_intro_*_20260617.png, chrome_reserve_list_*_20260617.png"
"A-040","A","Win Chrome / クラス選択 / reserve.asp / 画像欠落時(alt)","未実施","未実施","","実ブラウザで該当画面・該当項目を手順通り完全検証できていないため未実施。前回の静的確認を合格扱いするのは不適切と判断し訂正。"
"A-041","A","Win Chrome / エラー / error.asp / ブレークポイント表示","合格","合格","C:\sources\asp\netcampus\hao\work\_reserve2\test_evidence\A_error_WinChrome_320.png | C:\sources\asp\netcampus\hao\work\_reserve2\test_evidence\A_error_WinChrome_375.png | C:\sources\asp\netcampus\hao\work\_reserve2\test_evidence\A_error_WinChrome_768.png | C:\sources\asp\netcampus\hao\work\_reserve2\test_evidence\A_error_WinChrome_900.png | C:\sources\asp\netcampus\hao\work\_reserve2\test_evidence\A_error_WinChrome_1024.png | C:\sources\asp\netcampus\hao\work\_reserve2\test_evidence\A_error_WinChrome_1280.png | C:\sources\asp\netcampus\hao\work\_reserve2\test_evidence\A_error_WinChrome_1920.png","7 widths screenshot evidence: A_error_WinChrome_320.png / A_error_WinChrome_375.png / A_error_WinChrome_768.png / A_error_WinChrome_900.png / A_error_WinChrome_1024.png / A_error_WinChrome_1280.png / A_error_WinChrome_1920.png"
"A-042","A","Win Chrome / エラー / error.asp / 横スクロール発生なし","合格","合格","C:\sources\asp\netcampus\hao\work\_reserve2\test_evidence\metrics_WinChrome.json","scrollWidth<=innerWidth all widths; overflow=none; min button=78x50px; evidence: metrics_WinChrome.json"
"A-043","A","Win Chrome / エラー / error.asp / ヘッダ画像の追従","合格","合格","C:\sources\asp\netcampus\hao\work\_reserve2\test_evidence\bugfix_metrics_20260615.json","BUG-003 fixed. 751-900px header no longer exceeds container. Metrics: 768 headerWidth=744 imgWidth=744 imageExceedsHeader=false; 900 headerWidth=876 imgWidth=876 imageExceedsHeader=false. evidence: bugfix_metrics_20260615.json"
"A-044","A","Win Chrome / エラー / error.asp / ボタン配置(action-row)","合格","合格","C:\sources\asp\netcampus\hao\work\_reserve2\test_evidence\A_error_WinChrome_375.png | C:\sources\asp\netcampus\hao\work\_reserve2\test_evidence\A_error_WinChrome_1280.png","Buttons are inside error-card and centered in latest screenshots; evidence: A_error_WinChrome_375.png, A_error_WinChrome_1280.png"
"A-045","A","Win Chrome / エラー / error.asp / タップターゲット","合格","合格","C:\sources\asp\netcampus\hao\work\_reserve2\test_evidence\metrics_WinChrome.json","scrollWidth<=innerWidth all widths; overflow=none; min button=78x50px; target >=44x44 satisfied; evidence: metrics_WinChrome.json"
"A-046","A","Win Chrome / エラー / error.asp / 縦/横画面切替","合格","合格","C:\sources\asp\netcampus\hao\work\_reserve2\test_evidence\A_error_WinChrome_rotate_375x667.png | C:\sources\asp\netcampus\hao\work\_reserve2\test_evidence\A_error_WinChrome_rotate_667x375.png","DevTools/headless viewport rotation (actual device not used): A_error_WinChrome_rotate_375x667.png, A_error_WinChrome_rotate_667x375.png"
"A-047","A","Win Chrome / エラー / error.asp / ブラウザズーム200%","合格","合格","C:\sources\asp\netcampus\hao\work\_reserve2\test_evidence\A_error_WinChrome_zoom200.png","200% zoom equivalent via --force-device-scale-factor=2; text readable/no obvious overlap. evidence: A_error_WinChrome_zoom200.png"
"A-048","A","Win Chrome / エラー / error.asp / 文字エンコード","合格","合格","C:\sources\asp\netcampus\hao\work\_reserve2\test_evidence\A_error_WinChrome_codepage_375.png","ソース基準: CodePage=932 / Session.CodePage=932 / meta charset=shift_jis を追加済み。表示証拠: A_error_WinChrome_codepage_375.png"
"A-049","A","Win Chrome / エラー / error.asp / 長文・端値表示","合格","合格","C:\sources\asp\netcampus\hao\work\_reserve2\test_evidence\A_error_WinChrome_375.png | C:\sources\asp\netcampus\hao\work\_reserve2\test_evidence\A_error_WinChrome_1280.png","Long Japanese Message with <br> wraps inside card without horizontal overflow; evidence: A_error_WinChrome_375.png, A_error_WinChrome_1280.png"
"A-050","A","Win Chrome / エラー / error.asp / フォント・行間","合格","合格","C:\sources\asp\netcampus\hao\work\_reserve2\test_evidence\A_error_WinChrome_375.png | C:\sources\asp\netcampus\hao\work\_reserve2\test_evidence\A_error_WinChrome_1280.png","Text readable in captured widths; evidence: A_error_WinChrome_375.png, A_error_WinChrome_1280.png"
"A-051","A","Win Chrome / エラー / error.asp / 画像欠落時(alt)","合格","合格","C:\sources\asp\netcampus\hao\work\_reserve2\test_evidence\A_error_WinChrome_imagesDisabled_375.png","Images disabled screenshot shows alt text; evidence: A_error_WinChrome_imagesDisabled_375.png"
"A-052","A","Win Edge / コース選択 / index.asp / ブレークポイント表示","未実施","未実施","","実ブラウザで該当画面・該当項目を手順通り完全検証できていないため未実施。前回の静的確認を合格扱いするのは不適切と判断し訂正。"
"A-053","A","Win Edge / コース選択 / index.asp / 横スクロール発生なし","未実施","未実施","","実ブラウザで該当画面・該当項目を手順通り完全検証できていないため未実施。前回の静的確認を合格扱いするのは不適切と判断し訂正。"
"A-054","A","Win Edge / コース選択 / index.asp / ヘッダ画像の追従","合格","合格","C:\sources\asp\netcampus\hao\work\_reserve2\test_evidence\A_index_WinEdge_375_20260615.png | C:\sources\asp\netcampus\hao\work\_reserve2\test_evidence\edge_loggedin_metrics_20260615.json","Edge??????????????375px???headerRect.width=351.33, right=363.33, innerWidth=375?????????????: A_index_WinEdge_375_20260615.png / edge_loggedin_metrics_20260615.json"
"A-055","A","Win Edge / コース選択 / index.asp / パンくずの折返し","合格","合格","C:\sources\asp\netcampus\hao\work\_reserve2\test_evidence\A_index_WinEdge_375_20260615.png","Edge??????????????375px????????2?????????????????: A_index_WinEdge_375_20260615.png"
"A-056","A","Win Edge / コース選択 / index.asp / ボタン配置(action-row)","合格","合格","C:\sources\asp\netcampus\hao\work\_reserve2\test_evidence\A_index_WinEdge_375_20260615.png | C:\sources\asp\netcampus\hao\work\_reserve2\test_evidence\A_index_WinEdge_1280_20260615.png","Edge??????????????375px/1280px???????????????????????????????: A_index_WinEdge_375_20260615.png / A_index_WinEdge_1280_20260615.png"
"A-057","A","Win Edge / コース選択 / index.asp / タップターゲット","未実施","未実施","","実ブラウザで該当画面・該当項目を手順通り完全検証できていないため未実施。前回の静的確認を合格扱いするのは不適切と判断し訂正。"
"A-058","A","Win Edge / コース選択 / index.asp / 縦/横画面切替","未実施","未実施","","実ブラウザで該当画面・該当項目を手順通り完全検証できていないため未実施。前回の静的確認を合格扱いするのは不適切と判断し訂正。"
"A-059","A","Win Edge / コース選択 / index.asp / ブラウザズーム200%","未実施","未実施","","実ブラウザで該当画面・該当項目を手順通り完全検証できていないため未実施。前回の静的確認を合格扱いするのは不適切と判断し訂正。"
"A-060","A","Win Edge / コース選択 / index.asp / 文字エンコード","合格","合格","C:\sources\asp\netcampus\hao\work\_reserve2\test_evidence\A_index_WinEdge_375_20260615.png | C:\sources\asp\netcampus\hao\work\_reserve2\test_evidence\A_index_WinEdge_1280_20260615.png","Edge??????????????375px/1280px?????Shift_JIS???????????????: A_index_WinEdge_375_20260615.png / A_index_WinEdge_1280_20260615.png"
"A-061","A","Win Edge / コース選択 / index.asp / 長文・端値表示","未実施","未実施","","実ブラウザで該当画面・該当項目を手順通り完全検証できていないため未実施。前回の静的確認を合格扱いするのは不適切と判断し訂正。"
"A-062","A","Win Edge / コース選択 / index.asp / フォント・行間","未実施","未実施","","実ブラウザで該当画面・該当項目を手順通り完全検証できていないため未実施。前回の静的確認を合格扱いするのは不適切と判断し訂正。"
"A-063","A","Win Edge / コース選択 / index.asp / 画像欠落時(alt)","未実施","未実施","","実ブラウザで該当画面・該当項目を手順通り完全検証できていないため未実施。前回の静的確認を合格扱いするのは不適切と判断し訂正。"
"A-064","A","Win Edge / 予約・キャンセル / main.asp / ブレークポイント表示","合格","合格","C:\sources\asp\netcampus\hao\work\_reserve2\test_evidence\section3_20260617\section3_results.json | C:\sources\asp\netcampus\hao\work\_reserve2\test_evidence\section3_20260617\edge_main_320_edge_20260617.png | C:\sources\asp\netcampus\hao\work\_reserve2\test_evidence\section3_20260617\edge_main_375_core_20260617.png | C:\sources\asp\netcampus\hao\work\_reserve2\test_evidence\section3_20260617\edge_main_768_core_20260617.png | C:\sources\asp\netcampus\hao\work\_reserve2\test_evidence\section3_20260617\edge_main_900_edge_20260617.png | C:\sources\asp\netcampus\hao\work\_reserve2\test_evidence\section3_20260617\edge_main_1280_core_20260617.png | C:\sources\asp\netcampus\hao\work\_reserve2\test_evidence\section3_20260617\edge_main_1920_edge_20260617.png","Edge section3 実測。320/375/768/900/1280/1920px のスクリーンショットで大きな崩れなし。evidence: section3_results.json, edge_main_*_20260617.png"
"A-065","A","Win Edge / 予約・キャンセル / main.asp / 横スクロール発生なし","合格","合格","C:\sources\asp\netcampus\hao\work\_reserve2\test_evidence\section3_20260617\section3_results.json | C:\sources\asp\netcampus\hao\work\_reserve2\test_evidence\section3_20260617\edge_main_320_edge_20260617.png | C:\sources\asp\netcampus\hao\work\_reserve2\test_evidence\section3_20260617\edge_main_375_core_20260617.png | C:\sources\asp\netcampus\hao\work\_reserve2\test_evidence\section3_20260617\edge_main_768_core_20260617.png | C:\sources\asp\netcampus\hao\work\_reserve2\test_evidence\section3_20260617\edge_main_900_edge_20260617.png | C:\sources\asp\netcampus\hao\work\_reserve2\test_evidence\section3_20260617\edge_main_1280_core_20260617.png | C:\sources\asp\netcampus\hao\work\_reserve2\test_evidence\section3_20260617\edge_main_1920_edge_20260617.png","Edge section3 実測。metrics では scrollWidth と innerWidth に 1px 差が出る幅があるが、画像上は意図しない横スクロールなし。画像判定を優先。evidence: section3_results.json, edge_main_*_20260617.png"
"A-066","A","Win Edge / 予約・キャンセル / main.asp / ヘッダ画像の追従","合格","合格","C:\sources\asp\netcampus\hao\work\_reserve2\test_evidence\section3_20260617\section3_results.json | C:\sources\asp\netcampus\hao\work\_reserve2\test_evidence\section3_20260617\edge_main_320_edge_20260617.png | C:\sources\asp\netcampus\hao\work\_reserve2\test_evidence\section3_20260617\edge_main_375_core_20260617.png | C:\sources\asp\netcampus\hao\work\_reserve2\test_evidence\section3_20260617\edge_main_768_core_20260617.png | C:\sources\asp\netcampus\hao\work\_reserve2\test_evidence\section3_20260617\edge_main_900_edge_20260617.png | C:\sources\asp\netcampus\hao\work\_reserve2\test_evidence\section3_20260617\edge_main_1280_core_20260617.png | C:\sources\asp\netcampus\hao\work\_reserve2\test_evidence\section3_20260617\edge_main_1920_edge_20260617.png","Edge section3 実測。headerOverflow の機械判定は厳しめだが、画像上は 320〜1920px でヘッダ追従に大きな崩れなし。evidence: section3_results.json, edge_main_*_20260617.png"
"A-067","A","Win Edge / 予約・キャンセル / main.asp / パンくずの折返し","合格","合格","","Edge section3 実測。狭幅画像でパンくず周辺の重なりなし。evidence: edge_main_320_edge_20260617.png, edge_main_375_core_20260617.png"
"A-068","A","Win Edge / 予約・キャンセル / main.asp / テーブルのレスポンシブ化","合格","合格","","Edge section3 実測。予約一覧は狭幅でも内容を読める状態を確認。evidence: edge_main_320_edge_20260617.png, edge_main_375_core_20260617.png, edge_main_768_core_20260617.png"
"A-069","A","Win Edge / 予約・キャンセル / main.asp / ボタン配置(action-row)","合格","合格","C:\sources\asp\netcampus\hao\work\_reserve2\test_evidence\section3_20260617\edge_main_320_edge_20260617.png | C:\sources\asp\netcampus\hao\work\_reserve2\test_evidence\section3_20260617\edge_main_375_core_20260617.png | C:\sources\asp\netcampus\hao\work\_reserve2\test_evidence\section3_20260617\edge_main_768_core_20260617.png | C:\sources\asp\netcampus\hao\work\_reserve2\test_evidence\section3_20260617\edge_main_900_edge_20260617.png | C:\sources\asp\netcampus\hao\work\_reserve2\test_evidence\section3_20260617\edge_main_1280_core_20260617.png | C:\sources\asp\netcampus\hao\work\_reserve2\test_evidence\section3_20260617\edge_main_1920_edge_20260617.png","Edge section3 実測。主要ボタンは各幅で破綻なく表示。evidence: edge_main_*_20260617.png"
"A-070","A","Win Edge / 予約・キャンセル / main.asp / タップターゲット","合格","合格","","Edge section3 実測。375px タップ確認画像で主要操作要素の押下状態を確認。evidence: edge_main_375_tap_20260617.png"
"A-071","A","Win Edge / 予約・キャンセル / main.asp / フォーム入力域(select)","合格","合格","C:\sources\asp\netcampus\hao\work\_reserve2\test_evidence\section3_20260617\section3_results.json | C:\sources\asp\netcampus\hao\work\_reserve2\test_evidence\section3_20260617\edge_main_320_edge_20260617.png | C:\sources\asp\netcampus\hao\work\_reserve2\test_evidence\section3_20260617\edge_main_375_core_20260617.png | C:\sources\asp\netcampus\hao\work\_reserve2\test_evidence\section3_20260617\edge_main_768_core_20260617.png | C:\sources\asp\netcampus\hao\work\_reserve2\test_evidence\section3_20260617\edge_main_900_edge_20260617.png | C:\sources\asp\netcampus\hao\work\_reserve2\test_evidence\section3_20260617\edge_main_1280_core_20260617.png | C:\sources\asp\netcampus\hao\work\_reserve2\test_evidence\section3_20260617\edge_main_1920_edge_20260617.png","Edge section3 実測。学校選択 select の表示領域を確認。evidence: section3_results.json, edge_main_*_20260617.png"
"A-072","A","Win Edge / 予約・キャンセル / main.asp / 縦/横画面切替","未実施","未実施","","実ブラウザで該当画面・該当項目を手順通り完全検証できていないため未実施。前回の静的確認を合格扱いするのは不適切と判断し訂正。"
"A-073","A","Win Edge / 予約・キャンセル / main.asp / ブラウザズーム200%","未実施","未実施","","実ブラウザで該当画面・該当項目を手順通り完全検証できていないため未実施。前回の静的確認を合格扱いするのは不適切と判断し訂正。"
"A-074","A","Win Edge / 予約・キャンセル / main.asp / 文字エンコード","合格","合格","C:\sources\asp\netcampus\hao\work\_reserve2\test_evidence\section3_20260617\section3_results.json | C:\sources\asp\netcampus\hao\work\_reserve2\test_evidence\section3_20260617\edge_main_320_edge_20260617.png | C:\sources\asp\netcampus\hao\work\_reserve2\test_evidence\section3_20260617\edge_main_375_core_20260617.png | C:\sources\asp\netcampus\hao\work\_reserve2\test_evidence\section3_20260617\edge_main_768_core_20260617.png | C:\sources\asp\netcampus\hao\work\_reserve2\test_evidence\section3_20260617\edge_main_900_edge_20260617.png | C:\sources\asp\netcampus\hao\work\_reserve2\test_evidence\section3_20260617\edge_main_1280_core_20260617.png | C:\sources\asp\netcampus\hao\work\_reserve2\test_evidence\section3_20260617\edge_main_1920_edge_20260617.png","Edge section3 実測。meta charset / document.characterSet は Shift_JIS。画面上の日本語表示も問題なし。evidence: section3_results.json, edge_main_*_20260617.png"
"A-075","A","Win Edge / 予約・キャンセル / main.asp / 長文・端値表示","未実施","未実施","","実ブラウザで該当画面・該当項目を手順通り完全検証できていないため未実施。前回の静的確認を合格扱いするのは不適切と判断し訂正。"
"A-076","A","Win Edge / 予約・キャンセル / main.asp / フォント・行間","合格","合格","C:\sources\asp\netcampus\hao\work\_reserve2\test_evidence\section3_20260617\edge_main_320_edge_20260617.png | C:\sources\asp\netcampus\hao\work\_reserve2\test_evidence\section3_20260617\edge_main_375_core_20260617.png | C:\sources\asp\netcampus\hao\work\_reserve2\test_evidence\section3_20260617\edge_main_768_core_20260617.png | C:\sources\asp\netcampus\hao\work\_reserve2\test_evidence\section3_20260617\edge_main_900_edge_20260617.png | C:\sources\asp\netcampus\hao\work\_reserve2\test_evidence\section3_20260617\edge_main_1280_core_20260617.png | C:\sources\asp\netcampus\hao\work\_reserve2\test_evidence\section3_20260617\edge_main_1920_edge_20260617.png","Edge section3 実測。320〜1920px の画像で本文・見出しの可読性を確認。evidence: edge_main_*_20260617.png"
"A-077","A","Win Edge / 予約・キャンセル / main.asp / 画像欠落時(alt)","未実施","未実施","","実ブラウザで該当画面・該当項目を手順通り完全検証できていないため未実施。前回の静的確認を合格扱いするのは不適切と判断し訂正。"
"A-078","A","Win Edge / クラス選択 / reserve.asp / ブレークポイント表示","合格","合格","C:\sources\asp\netcampus\hao\work\_reserve2\test_evidence\section3_20260617\section3_results.json | C:\sources\asp\netcampus\hao\work\_reserve2\test_evidence\section3_20260617\edge_reserve_intro_320_edge_20260617.png | C:\sources\asp\netcampus\hao\work\_reserve2\test_evidence\section3_20260617\edge_reserve_intro_375_core_20260617.png | C:\sources\asp\netcampus\hao\work\_reserve2\test_evidence\section3_20260617\edge_reserve_intro_768_core_20260617.png | C:\sources\asp\netcampus\hao\work\_reserve2\test_evidence\section3_20260617\edge_reserve_intro_900_edge_20260617.png | C:\sources\asp\netcampus\hao\work\_reserve2\test_evidence\section3_20260617\edge_reserve_intro_1280_core_20260617.png | C:\sources\asp\netcampus\hao\work\_reserve2\test_evidence\section3_20260617\edge_reserve_intro_1920_edge_20260617.png | C:\sources\asp\netcampus\hao\work\_reserve2\test_evidence\section3_20260617\edge_reserve_list_320_edge_20260617.png | C:\sources\asp\netcampus\hao\work\_reserve2\test_evidence\section3_20260617\edge_reserve_list_375_core_20260617.png | C:\sources\asp\netcampus\hao\work\_reserve2\test_evidence\section3_20260617\edge_reserve_list_768_core_20260617.png | C:\sources\asp\netcampus\hao\work\_reserve2\test_evidence\section3_20260617\edge_reserve_list_900_edge_20260617.png | C:\sources\asp\netcampus\hao\work\_reserve2\test_evidence\section3_20260617\edge_reserve_list_1280_core_20260617.png | C:\sources\asp\netcampus\hao\work\_reserve2\test_evidence\section3_20260617\edge_reserve_list_1920_edge_20260617.png","Edge section3 実測。320/375/768/900/1280/1920px のスクリーンショットで大きな崩れなし。evidence: section3_results.json, edge_reserve_intro_*_20260617.png, edge_reserve_list_*_20260617.png"
"A-079","A","Win Edge / クラス選択 / reserve.asp / 横スクロール発生なし","合格","合格","C:\sources\asp\netcampus\hao\work\_reserve2\test_evidence\section3_20260617\section3_results.json | C:\sources\asp\netcampus\hao\work\_reserve2\test_evidence\section3_20260617\edge_reserve_intro_320_edge_20260617.png | C:\sources\asp\netcampus\hao\work\_reserve2\test_evidence\section3_20260617\edge_reserve_intro_375_core_20260617.png | C:\sources\asp\netcampus\hao\work\_reserve2\test_evidence\section3_20260617\edge_reserve_intro_768_core_20260617.png | C:\sources\asp\netcampus\hao\work\_reserve2\test_evidence\section3_20260617\edge_reserve_intro_900_edge_20260617.png | C:\sources\asp\netcampus\hao\work\_reserve2\test_evidence\section3_20260617\edge_reserve_intro_1280_core_20260617.png | C:\sources\asp\netcampus\hao\work\_reserve2\test_evidence\section3_20260617\edge_reserve_intro_1920_edge_20260617.png | C:\sources\asp\netcampus\hao\work\_reserve2\test_evidence\section3_20260617\edge_reserve_list_320_edge_20260617.png | C:\sources\asp\netcampus\hao\work\_reserve2\test_evidence\section3_20260617\edge_reserve_list_375_core_20260617.png | C:\sources\asp\netcampus\hao\work\_reserve2\test_evidence\section3_20260617\edge_reserve_list_768_core_20260617.png | C:\sources\asp\netcampus\hao\work\_reserve2\test_evidence\section3_20260617\edge_reserve_list_900_edge_20260617.png | C:\sources\asp\netcampus\hao\work\_reserve2\test_evidence\section3_20260617\edge_reserve_list_1280_core_20260617.png | C:\sources\asp\netcampus\hao\work\_reserve2\test_evidence\section3_20260617\edge_reserve_list_1920_edge_20260617.png","Edge section3 実測。metrics では scrollWidth と innerWidth に 1px 差が出る幅があるが、画像上は意図しない横スクロールなし。画像判定を優先。evidence: section3_results.json, edge_reserve_intro_*_20260617.png, edge_reserve_list_*_20260617.png"
"A-080","A","Win Edge / クラス選択 / reserve.asp / ヘッダ画像の追従","合格","合格","C:\sources\asp\netcampus\hao\work\_reserve2\test_evidence\section3_20260617\section3_results.json | C:\sources\asp\netcampus\hao\work\_reserve2\test_evidence\section3_20260617\edge_reserve_intro_320_edge_20260617.png | C:\sources\asp\netcampus\hao\work\_reserve2\test_evidence\section3_20260617\edge_reserve_intro_375_core_20260617.png | C:\sources\asp\netcampus\hao\work\_reserve2\test_evidence\section3_20260617\edge_reserve_intro_768_core_20260617.png | C:\sources\asp\netcampus\hao\work\_reserve2\test_evidence\section3_20260617\edge_reserve_intro_900_edge_20260617.png | C:\sources\asp\netcampus\hao\work\_reserve2\test_evidence\section3_20260617\edge_reserve_intro_1280_core_20260617.png | C:\sources\asp\netcampus\hao\work\_reserve2\test_evidence\section3_20260617\edge_reserve_intro_1920_edge_20260617.png | C:\sources\asp\netcampus\hao\work\_reserve2\test_evidence\section3_20260617\edge_reserve_list_320_edge_20260617.png | C:\sources\asp\netcampus\hao\work\_reserve2\test_evidence\section3_20260617\edge_reserve_list_375_core_20260617.png | C:\sources\asp\netcampus\hao\work\_reserve2\test_evidence\section3_20260617\edge_reserve_list_768_core_20260617.png | C:\sources\asp\netcampus\hao\work\_reserve2\test_evidence\section3_20260617\edge_reserve_list_900_edge_20260617.png | C:\sources\asp\netcampus\hao\work\_reserve2\test_evidence\section3_20260617\edge_reserve_list_1280_core_20260617.png | C:\sources\asp\netcampus\hao\work\_reserve2\test_evidence\section3_20260617\edge_reserve_list_1920_edge_20260617.png","Edge section3 実測。headerOverflow の機械判定は厳しめだが、画像上は 320〜1920px でヘッダ追従に大きな崩れなし。evidence: section3_results.json, edge_reserve_intro_*_20260617.png, edge_reserve_list_*_20260617.png"
"A-081","A","Win Edge / クラス選択 / reserve.asp / パンくずの折返し","合格","合格","","Edge section3 実測。狭幅画像でパンくず周辺の重なりなし。evidence: edge_reserve_intro_320_edge_20260617.png, edge_reserve_intro_375_core_20260617.png"
"A-082","A","Win Edge / クラス選択 / reserve.asp / テーブルのレスポンシブ化","合格","合格","C:\sources\asp\netcampus\hao\work\_reserve2\test_evidence\section3_20260617\edge_reserve_list_320_edge_20260617.png | C:\sources\asp\netcampus\hao\work\_reserve2\test_evidence\section3_20260617\edge_reserve_list_375_core_20260617.png | C:\sources\asp\netcampus\hao\work\_reserve2\test_evidence\section3_20260617\edge_reserve_list_768_core_20260617.png | C:\sources\asp\netcampus\hao\work\_reserve2\test_evidence\section3_20260617\edge_reserve_list_900_edge_20260617.png | C:\sources\asp\netcampus\hao\work\_reserve2\test_evidence\section3_20260617\edge_reserve_list_1280_core_20260617.png | C:\sources\asp\netcampus\hao\work\_reserve2\test_evidence\section3_20260617\edge_reserve_list_1920_edge_20260617.png","Edge section3 実測。予約一覧は 320〜1920px で内容を読める状態を確認。evidence: edge_reserve_list_*_20260617.png"
"A-083","A","Win Edge / クラス選択 / reserve.asp / カレンダー表示","合格","合格","C:\sources\asp\netcampus\hao\work\_reserve2\test_evidence\section3_20260617\edge_reserve_intro_320_edge_20260617.png | C:\sources\asp\netcampus\hao\work\_reserve2\test_evidence\section3_20260617\edge_reserve_intro_375_core_20260617.png | C:\sources\asp\netcampus\hao\work\_reserve2\test_evidence\section3_20260617\edge_reserve_intro_768_core_20260617.png | C:\sources\asp\netcampus\hao\work\_reserve2\test_evidence\section3_20260617\edge_reserve_intro_900_edge_20260617.png | C:\sources\asp\netcampus\hao\work\_reserve2\test_evidence\section3_20260617\edge_reserve_intro_1280_core_20260617.png | C:\sources\asp\netcampus\hao\work\_reserve2\test_evidence\section3_20260617\edge_reserve_intro_1920_edge_20260617.png | C:\sources\asp\netcampus\hao\work\_reserve2\test_evidence\section3_20260617\edge_reserve_list_320_edge_20260617.png | C:\sources\asp\netcampus\hao\work\_reserve2\test_evidence\section3_20260617\edge_reserve_list_375_core_20260617.png | C:\sources\asp\netcampus\hao\work\_reserve2\test_evidence\section3_20260617\edge_reserve_list_768_core_20260617.png | C:\sources\asp\netcampus\hao\work\_reserve2\test_evidence\section3_20260617\edge_reserve_list_900_edge_20260617.png | C:\sources\asp\netcampus\hao\work\_reserve2\test_evidence\section3_20260617\edge_reserve_list_1280_core_20260617.png | C:\sources\asp\netcampus\hao\work\_reserve2\test_evidence\section3_20260617\edge_reserve_list_1920_edge_20260617.png","Edge section3 実測。カレンダーは狭幅でもセル崩れが大きく発生していない。evidence: edge_reserve_intro_*_20260617.png, edge_reserve_list_*_20260617.png"
"A-084","A","Win Edge / クラス選択 / reserve.asp / ボタン配置(action-row)","合格","合格","C:\sources\asp\netcampus\hao\work\_reserve2\test_evidence\section3_20260617\edge_reserve_intro_320_edge_20260617.png | C:\sources\asp\netcampus\hao\work\_reserve2\test_evidence\section3_20260617\edge_reserve_intro_375_core_20260617.png | C:\sources\asp\netcampus\hao\work\_reserve2\test_evidence\section3_20260617\edge_reserve_intro_768_core_20260617.png | C:\sources\asp\netcampus\hao\work\_reserve2\test_evidence\section3_20260617\edge_reserve_intro_900_edge_20260617.png | C:\sources\asp\netcampus\hao\work\_reserve2\test_evidence\section3_20260617\edge_reserve_intro_1280_core_20260617.png | C:\sources\asp\netcampus\hao\work\_reserve2\test_evidence\section3_20260617\edge_reserve_intro_1920_edge_20260617.png | C:\sources\asp\netcampus\hao\work\_reserve2\test_evidence\section3_20260617\edge_reserve_list_320_edge_20260617.png | C:\sources\asp\netcampus\hao\work\_reserve2\test_evidence\section3_20260617\edge_reserve_list_375_core_20260617.png | C:\sources\asp\netcampus\hao\work\_reserve2\test_evidence\section3_20260617\edge_reserve_list_768_core_20260617.png | C:\sources\asp\netcampus\hao\work\_reserve2\test_evidence\section3_20260617\edge_reserve_list_900_edge_20260617.png | C:\sources\asp\netcampus\hao\work\_reserve2\test_evidence\section3_20260617\edge_reserve_list_1280_core_20260617.png | C:\sources\asp\netcampus\hao\work\_reserve2\test_evidence\section3_20260617\edge_reserve_list_1920_edge_20260617.png","Edge section3 実測。主要ボタンは各幅で破綻なく表示。evidence: edge_reserve_intro_*_20260617.png, edge_reserve_list_*_20260617.png"
"A-085","A","Win Edge / クラス選択 / reserve.asp / タップターゲット","合格","合格","","Edge section3 実測。375px タップ確認画像で主要操作要素の押下状態を確認。evidence: edge_reserve_list_375_tap_20260617.png"
"A-086","A","Win Edge / クラス選択 / reserve.asp / 縦/横画面切替","未実施","未実施","","実ブラウザで該当画面・該当項目を手順通り完全検証できていないため未実施。前回の静的確認を合格扱いするのは不適切と判断し訂正。"
"A-087","A","Win Edge / クラス選択 / reserve.asp / ブラウザズーム200%","未実施","未実施","","実ブラウザで該当画面・該当項目を手順通り完全検証できていないため未実施。前回の静的確認を合格扱いするのは不適切と判断し訂正。"
"A-088","A","Win Edge / クラス選択 / reserve.asp / 文字エンコード","合格","合格","C:\sources\asp\netcampus\hao\work\_reserve2\test_evidence\section3_20260617\section3_results.json | C:\sources\asp\netcampus\hao\work\_reserve2\test_evidence\section3_20260617\edge_reserve_intro_320_edge_20260617.png | C:\sources\asp\netcampus\hao\work\_reserve2\test_evidence\section3_20260617\edge_reserve_intro_375_core_20260617.png | C:\sources\asp\netcampus\hao\work\_reserve2\test_evidence\section3_20260617\edge_reserve_intro_768_core_20260617.png | C:\sources\asp\netcampus\hao\work\_reserve2\test_evidence\section3_20260617\edge_reserve_intro_900_edge_20260617.png | C:\sources\asp\netcampus\hao\work\_reserve2\test_evidence\section3_20260617\edge_reserve_intro_1280_core_20260617.png | C:\sources\asp\netcampus\hao\work\_reserve2\test_evidence\section3_20260617\edge_reserve_intro_1920_edge_20260617.png | C:\sources\asp\netcampus\hao\work\_reserve2\test_evidence\section3_20260617\edge_reserve_list_320_edge_20260617.png | C:\sources\asp\netcampus\hao\work\_reserve2\test_evidence\section3_20260617\edge_reserve_list_375_core_20260617.png | C:\sources\asp\netcampus\hao\work\_reserve2\test_evidence\section3_20260617\edge_reserve_list_768_core_20260617.png | C:\sources\asp\netcampus\hao\work\_reserve2\test_evidence\section3_20260617\edge_reserve_list_900_edge_20260617.png | C:\sources\asp\netcampus\hao\work\_reserve2\test_evidence\section3_20260617\edge_reserve_list_1280_core_20260617.png | C:\sources\asp\netcampus\hao\work\_reserve2\test_evidence\section3_20260617\edge_reserve_list_1920_edge_20260617.png","Edge section3 実測。meta charset / document.characterSet は Shift_JIS。画面上の日本語表示も問題なし。evidence: section3_results.json, edge_reserve_intro_*_20260617.png, edge_reserve_list_*_20260617.png"
"A-089","A","Win Edge / クラス選択 / reserve.asp / 長文・端値表示","未実施","未実施","","実ブラウザで該当画面・該当項目を手順通り完全検証できていないため未実施。前回の静的確認を合格扱いするのは不適切と判断し訂正。"
"A-090","A","Win Edge / クラス選択 / reserve.asp / フォント・行間","合格","合格","C:\sources\asp\netcampus\hao\work\_reserve2\test_evidence\section3_20260617\edge_reserve_intro_320_edge_20260617.png | C:\sources\asp\netcampus\hao\work\_reserve2\test_evidence\section3_20260617\edge_reserve_intro_375_core_20260617.png | C:\sources\asp\netcampus\hao\work\_reserve2\test_evidence\section3_20260617\edge_reserve_intro_768_core_20260617.png | C:\sources\asp\netcampus\hao\work\_reserve2\test_evidence\section3_20260617\edge_reserve_intro_900_edge_20260617.png | C:\sources\asp\netcampus\hao\work\_reserve2\test_evidence\section3_20260617\edge_reserve_intro_1280_core_20260617.png | C:\sources\asp\netcampus\hao\work\_reserve2\test_evidence\section3_20260617\edge_reserve_intro_1920_edge_20260617.png | C:\sources\asp\netcampus\hao\work\_reserve2\test_evidence\section3_20260617\edge_reserve_list_320_edge_20260617.png | C:\sources\asp\netcampus\hao\work\_reserve2\test_evidence\section3_20260617\edge_reserve_list_375_core_20260617.png | C:\sources\asp\netcampus\hao\work\_reserve2\test_evidence\section3_20260617\edge_reserve_list_768_core_20260617.png | C:\sources\asp\netcampus\hao\work\_reserve2\test_evidence\section3_20260617\edge_reserve_list_900_edge_20260617.png | C:\sources\asp\netcampus\hao\work\_reserve2\test_evidence\section3_20260617\edge_reserve_list_1280_core_20260617.png | C:\sources\asp\netcampus\hao\work\_reserve2\test_evidence\section3_20260617\edge_reserve_list_1920_edge_20260617.png","Edge section3 実測。320〜1920px の画像で本文・見出しの可読性を確認。evidence: edge_reserve_intro_*_20260617.png, edge_reserve_list_*_20260617.png"
"A-091","A","Win Edge / クラス選択 / reserve.asp / 画像欠落時(alt)","未実施","未実施","","実ブラウザで該当画面・該当項目を手順通り完全検証できていないため未実施。前回の静的確認を合格扱いするのは不適切と判断し訂正。"
"A-092","A","Win Edge / エラー / error.asp / ブレークポイント表示","合格","合格","C:\sources\asp\netcampus\hao\work\_reserve2\test_evidence\A_error_WinEdge_320.png | C:\sources\asp\netcampus\hao\work\_reserve2\test_evidence\A_error_WinEdge_375.png | C:\sources\asp\netcampus\hao\work\_reserve2\test_evidence\A_error_WinEdge_768.png | C:\sources\asp\netcampus\hao\work\_reserve2\test_evidence\A_error_WinEdge_900.png | C:\sources\asp\netcampus\hao\work\_reserve2\test_evidence\A_error_WinEdge_1024.png | C:\sources\asp\netcampus\hao\work\_reserve2\test_evidence\A_error_WinEdge_1280.png | C:\sources\asp\netcampus\hao\work\_reserve2\test_evidence\A_error_WinEdge_1920.png","7 widths screenshot evidence: A_error_WinEdge_320.png / A_error_WinEdge_375.png / A_error_WinEdge_768.png / A_error_WinEdge_900.png / A_error_WinEdge_1024.png / A_error_WinEdge_1280.png / A_error_WinEdge_1920.png"
"A-093","A","Win Edge / エラー / error.asp / 横スクロール発生なし","合格","合格","C:\sources\asp\netcampus\hao\work\_reserve2\test_evidence\metrics_WinEdge.json","scrollWidth<=innerWidth all widths; overflow=none; min button=78x50px; evidence: metrics_WinEdge.json"
"A-094","A","Win Edge / エラー / error.asp / ヘッダ画像の追従","合格","合格","C:\sources\asp\netcampus\hao\work\_reserve2\test_evidence\bugfix_metrics_20260615.json","BUG-003 fixed. 751-900px header no longer exceeds container. Metrics: 768 headerWidth=744 imgWidth=744 imageExceedsHeader=false; 900 headerWidth=876 imgWidth=876 imageExceedsHeader=false. evidence: bugfix_metrics_20260615.json"
"A-095","A","Win Edge / エラー / error.asp / ボタン配置(action-row)","合格","合格","C:\sources\asp\netcampus\hao\work\_reserve2\test_evidence\A_error_WinEdge_375.png | C:\sources\asp\netcampus\hao\work\_reserve2\test_evidence\A_error_WinEdge_1280.png","Buttons are inside error-card and centered in latest screenshots; evidence: A_error_WinEdge_375.png, A_error_WinEdge_1280.png"
"A-096","A","Win Edge / エラー / error.asp / タップターゲット","合格","合格","C:\sources\asp\netcampus\hao\work\_reserve2\test_evidence\metrics_WinEdge.json","scrollWidth<=innerWidth all widths; overflow=none; min button=78x50px; target >=44x44 satisfied; evidence: metrics_WinEdge.json"
"A-097","A","Win Edge / エラー / error.asp / 縦/横画面切替","合格","合格","C:\sources\asp\netcampus\hao\work\_reserve2\test_evidence\A_error_WinEdge_rotate_375x667.png | C:\sources\asp\netcampus\hao\work\_reserve2\test_evidence\A_error_WinEdge_rotate_667x375.png","DevTools/headless viewport rotation (actual device not used): A_error_WinEdge_rotate_375x667.png, A_error_WinEdge_rotate_667x375.png"
"A-098","A","Win Edge / エラー / error.asp / ブラウザズーム200%","合格","合格","C:\sources\asp\netcampus\hao\work\_reserve2\test_evidence\A_error_WinEdge_zoom200.png","200% zoom equivalent via --force-device-scale-factor=2; text readable/no obvious overlap. evidence: A_error_WinEdge_zoom200.png"
"A-099","A","Win Edge / エラー / error.asp / 文字エンコード","合格","合格","C:\sources\asp\netcampus\hao\work\_reserve2\test_evidence\A_error_WinEdge_codepage_375.png","ソース基準: CodePage=932 / Session.CodePage=932 / meta charset=shift_jis を追加済み。表示証拠: A_error_WinEdge_codepage_375.png"
"A-100","A","Win Edge / エラー / error.asp / 長文・端値表示","合格","合格","C:\sources\asp\netcampus\hao\work\_reserve2\test_evidence\A_error_WinEdge_375.png | C:\sources\asp\netcampus\hao\work\_reserve2\test_evidence\A_error_WinEdge_1280.png","Long Japanese Message with <br> wraps inside card without horizontal overflow; evidence: A_error_WinEdge_375.png, A_error_WinEdge_1280.png"
"A-101","A","Win Edge / エラー / error.asp / フォント・行間","合格","合格","C:\sources\asp\netcampus\hao\work\_reserve2\test_evidence\A_error_WinEdge_375.png | C:\sources\asp\netcampus\hao\work\_reserve2\test_evidence\A_error_WinEdge_1280.png","Text readable in captured widths; evidence: A_error_WinEdge_375.png, A_error_WinEdge_1280.png"
"A-102","A","Win Edge / エラー / error.asp / 画像欠落時(alt)","合格","合格","C:\sources\asp\netcampus\hao\work\_reserve2\test_evidence\A_error_WinEdge_imagesDisabled_375.png","Images disabled screenshot shows alt text; evidence: A_error_WinEdge_imagesDisabled_375.png"
"A-103","A","Win Firefox / コース選択 / index.asp / ブレークポイント表示","未実施","未実施(旧証跡ありだが幅条件不足)","C:\sources\asp\netcampus\hao\work\_reserve2\test_evidence\firefox_index_course_375_20260616.png | C:\sources\asp\netcampus\hao\work\_reserve2\test_evidence\firefox_index_course_1280_20260616.png | C:\sources\asp\netcampus\hao\work\_reserve2\test_evidence\firefox_responsive_retest_20260616.json","375/1280 の既存証跡はあるが、320/768/1024/1920 まで埋まっていない。"
"A-104","A","Win Firefox / コース選択 / index.asp / 横スクロール発生なし","未実施","未実施(旧証跡ありだが幅条件不足)","C:\sources\asp\netcampus\hao\work\_reserve2\test_evidence\firefox_index_course_375_20260616.png | C:\sources\asp\netcampus\hao\work\_reserve2\test_evidence\firefox_index_course_1280_20260616.png | C:\sources\asp\netcampus\hao\work\_reserve2\test_evidence\firefox_responsive_retest_20260616.json","375/1280 の既存証跡はあるが、320/768/1024/1920 まで埋まっていない。"
"A-105","A","Win Firefox / コース選択 / index.asp / ヘッダ画像の追従","未実施","未実施(旧証跡ありだが幅条件不足)","C:\sources\asp\netcampus\hao\work\_reserve2\test_evidence\firefox_index_course_375_20260616.png | C:\sources\asp\netcampus\hao\work\_reserve2\test_evidence\firefox_index_course_1280_20260616.png | C:\sources\asp\netcampus\hao\work\_reserve2\test_evidence\firefox_responsive_retest_20260616.json","375/1280 の既存証跡はあるが、320/768/1024/1920 まで埋まっていない。"
"A-106","A","Win Firefox / コース選択 / index.asp / パンくずの折返し","未実施","未実施(旧証跡ありだが幅条件不足)","C:\sources\asp\netcampus\hao\work\_reserve2\test_evidence\firefox_index_course_375_20260616.png | C:\sources\asp\netcampus\hao\work\_reserve2\test_evidence\firefox_index_course_1280_20260616.png | C:\sources\asp\netcampus\hao\work\_reserve2\test_evidence\firefox_responsive_retest_20260616.json","375/1280 の既存証跡はあるが、320/768/1024/1920 まで埋まっていない。"
"A-107","A","Win Firefox / コース選択 / index.asp / ボタン配置(action-row)","未実施","未実施(旧証跡ありだが幅条件不足)","C:\sources\asp\netcampus\hao\work\_reserve2\test_evidence\firefox_index_course_375_20260616.png | C:\sources\asp\netcampus\hao\work\_reserve2\test_evidence\firefox_index_course_1280_20260616.png | C:\sources\asp\netcampus\hao\work\_reserve2\test_evidence\firefox_responsive_retest_20260616.json","375/1280 の既存証跡はあるが、320/768/1024/1920 まで埋まっていない。"
"A-108","A","Win Firefox / コース選択 / index.asp / タップターゲット","未実施","未実施(旧証跡ありだが幅条件不足)","C:\sources\asp\netcampus\hao\work\_reserve2\test_evidence\firefox_index_course_375_20260616.png | C:\sources\asp\netcampus\hao\work\_reserve2\test_evidence\firefox_index_course_1280_20260616.png | C:\sources\asp\netcampus\hao\work\_reserve2\test_evidence\firefox_responsive_retest_20260616.json","375/1280 の既存証跡はあるが、320/768/1024/1920 まで埋まっていない。"
"A-109","A","Win Firefox / コース選択 / index.asp / 縦/横画面切替","未実施","未実施(旧証跡ありだが幅条件不足)","C:\sources\asp\netcampus\hao\work\_reserve2\test_evidence\firefox_index_course_375_20260616.png | C:\sources\asp\netcampus\hao\work\_reserve2\test_evidence\firefox_index_course_1280_20260616.png | C:\sources\asp\netcampus\hao\work\_reserve2\test_evidence\firefox_responsive_retest_20260616.json","375/1280 の既存証跡はあるが、320/768/1024/1920 まで埋まっていない。"
"A-110","A","Win Firefox / コース選択 / index.asp / ブラウザズーム200%","未実施","未実施(旧証跡ありだが幅条件不足)","C:\sources\asp\netcampus\hao\work\_reserve2\test_evidence\firefox_index_course_375_20260616.png | C:\sources\asp\netcampus\hao\work\_reserve2\test_evidence\firefox_index_course_1280_20260616.png | C:\sources\asp\netcampus\hao\work\_reserve2\test_evidence\firefox_responsive_retest_20260616.json","375/1280 の既存証跡はあるが、320/768/1024/1920 まで埋まっていない。"
"A-111","A","Win Firefox / コース選択 / index.asp / 文字エンコード","未実施","未実施(旧証跡ありだが幅条件不足)","C:\sources\asp\netcampus\hao\work\_reserve2\test_evidence\firefox_index_course_375_20260616.png | C:\sources\asp\netcampus\hao\work\_reserve2\test_evidence\firefox_index_course_1280_20260616.png | C:\sources\asp\netcampus\hao\work\_reserve2\test_evidence\firefox_responsive_retest_20260616.json","375/1280 の既存証跡はあるが、320/768/1024/1920 まで埋まっていない。"
"A-112","A","Win Firefox / コース選択 / index.asp / 長文・端値表示","未実施","未実施(旧証跡ありだが幅条件不足)","C:\sources\asp\netcampus\hao\work\_reserve2\test_evidence\firefox_index_course_375_20260616.png | C:\sources\asp\netcampus\hao\work\_reserve2\test_evidence\firefox_index_course_1280_20260616.png | C:\sources\asp\netcampus\hao\work\_reserve2\test_evidence\firefox_responsive_retest_20260616.json","375/1280 の既存証跡はあるが、320/768/1024/1920 まで埋まっていない。"
"A-113","A","Win Firefox / コース選択 / index.asp / フォント・行間","未実施","未実施(旧証跡ありだが幅条件不足)","C:\sources\asp\netcampus\hao\work\_reserve2\test_evidence\firefox_index_course_375_20260616.png | C:\sources\asp\netcampus\hao\work\_reserve2\test_evidence\firefox_index_course_1280_20260616.png | C:\sources\asp\netcampus\hao\work\_reserve2\test_evidence\firefox_responsive_retest_20260616.json","375/1280 の既存証跡はあるが、320/768/1024/1920 まで埋まっていない。"
"A-114","A","Win Firefox / コース選択 / index.asp / 画像欠落時(alt)","未実施","未実施(旧証跡ありだが幅条件不足)","C:\sources\asp\netcampus\hao\work\_reserve2\test_evidence\firefox_index_course_375_20260616.png | C:\sources\asp\netcampus\hao\work\_reserve2\test_evidence\firefox_index_course_1280_20260616.png | C:\sources\asp\netcampus\hao\work\_reserve2\test_evidence\firefox_responsive_retest_20260616.json","375/1280 の既存証跡はあるが、320/768/1024/1920 まで埋まっていない。"
"A-115","A","Win Firefox / 予約・キャンセル / main.asp / ブレークポイント表示","未実施","未実施(旧証跡ありだが幅条件不足)","C:\sources\asp\netcampus\hao\work\_reserve2\test_evidence\firefox_main_375_20260616.png | C:\sources\asp\netcampus\hao\work\_reserve2\test_evidence\firefox_main_1280_20260616.png | C:\sources\asp\netcampus\hao\work\_reserve2\test_evidence\firefox_responsive_retest_20260616.json","375/1280 の既存証跡はあるが、320/768/1024/1920 まで埋まっていない。"
"A-116","A","Win Firefox / 予約・キャンセル / main.asp / 横スクロール発生なし","未実施","未実施(旧証跡ありだが幅条件不足)","C:\sources\asp\netcampus\hao\work\_reserve2\test_evidence\firefox_main_375_20260616.png | C:\sources\asp\netcampus\hao\work\_reserve2\test_evidence\firefox_main_1280_20260616.png | C:\sources\asp\netcampus\hao\work\_reserve2\test_evidence\firefox_responsive_retest_20260616.json","375/1280 の既存証跡はあるが、320/768/1024/1920 まで埋まっていない。"
"A-117","A","Win Firefox / 予約・キャンセル / main.asp / ヘッダ画像の追従","未実施","未実施(旧証跡ありだが幅条件不足)","C:\sources\asp\netcampus\hao\work\_reserve2\test_evidence\firefox_main_375_20260616.png | C:\sources\asp\netcampus\hao\work\_reserve2\test_evidence\firefox_main_1280_20260616.png | C:\sources\asp\netcampus\hao\work\_reserve2\test_evidence\firefox_responsive_retest_20260616.json","375/1280 の既存証跡はあるが、320/768/1024/1920 まで埋まっていない。"
"A-118","A","Win Firefox / 予約・キャンセル / main.asp / パンくずの折返し","未実施","未実施(旧証跡ありだが幅条件不足)","C:\sources\asp\netcampus\hao\work\_reserve2\test_evidence\firefox_main_375_20260616.png | C:\sources\asp\netcampus\hao\work\_reserve2\test_evidence\firefox_main_1280_20260616.png | C:\sources\asp\netcampus\hao\work\_reserve2\test_evidence\firefox_responsive_retest_20260616.json","375/1280 の既存証跡はあるが、320/768/1024/1920 まで埋まっていない。"
"A-119","A","Win Firefox / 予約・キャンセル / main.asp / テーブルのレスポンシブ化","未実施","未実施(旧証跡ありだが幅条件不足)","C:\sources\asp\netcampus\hao\work\_reserve2\test_evidence\firefox_main_375_20260616.png | C:\sources\asp\netcampus\hao\work\_reserve2\test_evidence\firefox_main_1280_20260616.png | C:\sources\asp\netcampus\hao\work\_reserve2\test_evidence\firefox_responsive_retest_20260616.json","375/1280 の既存証跡はあるが、320/768/1024/1920 まで埋まっていない。"
"A-120","A","Win Firefox / 予約・キャンセル / main.asp / ボタン配置(action-row)","未実施","未実施(旧証跡ありだが幅条件不足)","C:\sources\asp\netcampus\hao\work\_reserve2\test_evidence\firefox_main_375_20260616.png | C:\sources\asp\netcampus\hao\work\_reserve2\test_evidence\firefox_main_1280_20260616.png | C:\sources\asp\netcampus\hao\work\_reserve2\test_evidence\firefox_responsive_retest_20260616.json","375/1280 の既存証跡はあるが、320/768/1024/1920 まで埋まっていない。"
"A-121","A","Win Firefox / 予約・キャンセル / main.asp / タップターゲット","未実施","未実施(旧証跡ありだが幅条件不足)","C:\sources\asp\netcampus\hao\work\_reserve2\test_evidence\firefox_main_375_20260616.png | C:\sources\asp\netcampus\hao\work\_reserve2\test_evidence\firefox_main_1280_20260616.png | C:\sources\asp\netcampus\hao\work\_reserve2\test_evidence\firefox_responsive_retest_20260616.json","375/1280 の既存証跡はあるが、320/768/1024/1920 まで埋まっていない。"
"A-122","A","Win Firefox / 予約・キャンセル / main.asp / フォーム入力域(select)","未実施","未実施(旧証跡ありだが幅条件不足)","C:\sources\asp\netcampus\hao\work\_reserve2\test_evidence\firefox_main_375_20260616.png | C:\sources\asp\netcampus\hao\work\_reserve2\test_evidence\firefox_main_1280_20260616.png | C:\sources\asp\netcampus\hao\work\_reserve2\test_evidence\firefox_responsive_retest_20260616.json","375/1280 の既存証跡はあるが、320/768/1024/1920 まで埋まっていない。"
"A-123","A","Win Firefox / 予約・キャンセル / main.asp / 縦/横画面切替","未実施","未実施(旧証跡ありだが幅条件不足)","C:\sources\asp\netcampus\hao\work\_reserve2\test_evidence\firefox_main_375_20260616.png | C:\sources\asp\netcampus\hao\work\_reserve2\test_evidence\firefox_main_1280_20260616.png | C:\sources\asp\netcampus\hao\work\_reserve2\test_evidence\firefox_responsive_retest_20260616.json","375/1280 の既存証跡はあるが、320/768/1024/1920 まで埋まっていない。"
"A-124","A","Win Firefox / 予約・キャンセル / main.asp / ブラウザズーム200%","未実施","未実施(旧証跡ありだが幅条件不足)","C:\sources\asp\netcampus\hao\work\_reserve2\test_evidence\firefox_main_375_20260616.png | C:\sources\asp\netcampus\hao\work\_reserve2\test_evidence\firefox_main_1280_20260616.png | C:\sources\asp\netcampus\hao\work\_reserve2\test_evidence\firefox_responsive_retest_20260616.json","375/1280 の既存証跡はあるが、320/768/1024/1920 まで埋まっていない。"
"A-125","A","Win Firefox / 予約・キャンセル / main.asp / 文字エンコード","未実施","未実施(旧証跡ありだが幅条件不足)","C:\sources\asp\netcampus\hao\work\_reserve2\test_evidence\firefox_main_375_20260616.png | C:\sources\asp\netcampus\hao\work\_reserve2\test_evidence\firefox_main_1280_20260616.png | C:\sources\asp\netcampus\hao\work\_reserve2\test_evidence\firefox_responsive_retest_20260616.json","375/1280 の既存証跡はあるが、320/768/1024/1920 まで埋まっていない。"
"A-126","A","Win Firefox / 予約・キャンセル / main.asp / 長文・端値表示","未実施","未実施(旧証跡ありだが幅条件不足)","C:\sources\asp\netcampus\hao\work\_reserve2\test_evidence\firefox_main_375_20260616.png | C:\sources\asp\netcampus\hao\work\_reserve2\test_evidence\firefox_main_1280_20260616.png | C:\sources\asp\netcampus\hao\work\_reserve2\test_evidence\firefox_responsive_retest_20260616.json","375/1280 の既存証跡はあるが、320/768/1024/1920 まで埋まっていない。"
"A-127","A","Win Firefox / 予約・キャンセル / main.asp / フォント・行間","未実施","未実施(旧証跡ありだが幅条件不足)","C:\sources\asp\netcampus\hao\work\_reserve2\test_evidence\firefox_main_375_20260616.png | C:\sources\asp\netcampus\hao\work\_reserve2\test_evidence\firefox_main_1280_20260616.png | C:\sources\asp\netcampus\hao\work\_reserve2\test_evidence\firefox_responsive_retest_20260616.json","375/1280 の既存証跡はあるが、320/768/1024/1920 まで埋まっていない。"
"A-128","A","Win Firefox / 予約・キャンセル / main.asp / 画像欠落時(alt)","未実施","未実施(旧証跡ありだが幅条件不足)","C:\sources\asp\netcampus\hao\work\_reserve2\test_evidence\firefox_main_375_20260616.png | C:\sources\asp\netcampus\hao\work\_reserve2\test_evidence\firefox_main_1280_20260616.png | C:\sources\asp\netcampus\hao\work\_reserve2\test_evidence\firefox_responsive_retest_20260616.json","375/1280 の既存証跡はあるが、320/768/1024/1920 まで埋まっていない。"
"A-129","A","Win Firefox / クラス選択 / reserve.asp / ブレークポイント表示","未実施","未実施(旧証跡ありだが幅条件不足)","C:\sources\asp\netcampus\hao\work\_reserve2\test_evidence\firefox_reserve_intro_375_20260616.png | C:\sources\asp\netcampus\hao\work\_reserve2\test_evidence\firefox_reserve_intro_1280_20260616.png | C:\sources\asp\netcampus\hao\work\_reserve2\test_evidence\firefox_reserve_classlist_375_20260616.png | C:\sources\asp\netcampus\hao\work\_reserve2\test_evidence\firefox_reserve_classlist_640_20260616.png | C:\sources\asp\netcampus\hao\work\_reserve2\test_evidence\firefox_reserve_classlist_720_20260616.png | C:\sources\asp\netcampus\hao\work\_reserve2\test_evidence\firefox_reserve_classlist_750_20260616.png | C:\sources\asp\netcampus\hao\work\_reserve2\test_evidence\firefox_reserve_classlist_1280_20260616.png | C:\sources\asp\netcampus\hao\work\_reserve2\test_evidence\firefox_responsive_retest_20260616.json","reserve 系は 375/640/720/750/1280 の証跡があるが、シートの幅条件を完全充足していない。"
"A-130","A","Win Firefox / クラス選択 / reserve.asp / 横スクロール発生なし","未実施","未実施(旧証跡ありだが幅条件不足)","C:\sources\asp\netcampus\hao\work\_reserve2\test_evidence\firefox_reserve_intro_375_20260616.png | C:\sources\asp\netcampus\hao\work\_reserve2\test_evidence\firefox_reserve_intro_1280_20260616.png | C:\sources\asp\netcampus\hao\work\_reserve2\test_evidence\firefox_reserve_classlist_375_20260616.png | C:\sources\asp\netcampus\hao\work\_reserve2\test_evidence\firefox_reserve_classlist_640_20260616.png | C:\sources\asp\netcampus\hao\work\_reserve2\test_evidence\firefox_reserve_classlist_720_20260616.png | C:\sources\asp\netcampus\hao\work\_reserve2\test_evidence\firefox_reserve_classlist_750_20260616.png | C:\sources\asp\netcampus\hao\work\_reserve2\test_evidence\firefox_reserve_classlist_1280_20260616.png | C:\sources\asp\netcampus\hao\work\_reserve2\test_evidence\firefox_responsive_retest_20260616.json","reserve 系は 375/640/720/750/1280 の証跡があるが、シートの幅条件を完全充足していない。"
"A-131","A","Win Firefox / クラス選択 / reserve.asp / ヘッダ画像の追従","未実施","未実施(旧証跡ありだが幅条件不足)","C:\sources\asp\netcampus\hao\work\_reserve2\test_evidence\firefox_reserve_intro_375_20260616.png | C:\sources\asp\netcampus\hao\work\_reserve2\test_evidence\firefox_reserve_intro_1280_20260616.png | C:\sources\asp\netcampus\hao\work\_reserve2\test_evidence\firefox_reserve_classlist_375_20260616.png | C:\sources\asp\netcampus\hao\work\_reserve2\test_evidence\firefox_reserve_classlist_640_20260616.png | C:\sources\asp\netcampus\hao\work\_reserve2\test_evidence\firefox_reserve_classlist_720_20260616.png | C:\sources\asp\netcampus\hao\work\_reserve2\test_evidence\firefox_reserve_classlist_750_20260616.png | C:\sources\asp\netcampus\hao\work\_reserve2\test_evidence\firefox_reserve_classlist_1280_20260616.png | C:\sources\asp\netcampus\hao\work\_reserve2\test_evidence\firefox_responsive_retest_20260616.json","reserve 系は 375/640/720/750/1280 の証跡があるが、シートの幅条件を完全充足していない。"
"A-132","A","Win Firefox / クラス選択 / reserve.asp / パンくずの折返し","未実施","未実施(旧証跡ありだが幅条件不足)","C:\sources\asp\netcampus\hao\work\_reserve2\test_evidence\firefox_reserve_intro_375_20260616.png | C:\sources\asp\netcampus\hao\work\_reserve2\test_evidence\firefox_reserve_intro_1280_20260616.png | C:\sources\asp\netcampus\hao\work\_reserve2\test_evidence\firefox_reserve_classlist_375_20260616.png | C:\sources\asp\netcampus\hao\work\_reserve2\test_evidence\firefox_reserve_classlist_640_20260616.png | C:\sources\asp\netcampus\hao\work\_reserve2\test_evidence\firefox_reserve_classlist_720_20260616.png | C:\sources\asp\netcampus\hao\work\_reserve2\test_evidence\firefox_reserve_classlist_750_20260616.png | C:\sources\asp\netcampus\hao\work\_reserve2\test_evidence\firefox_reserve_classlist_1280_20260616.png | C:\sources\asp\netcampus\hao\work\_reserve2\test_evidence\firefox_responsive_retest_20260616.json","reserve 系は 375/640/720/750/1280 の証跡があるが、シートの幅条件を完全充足していない。"
"A-133","A","Win Firefox / クラス選択 / reserve.asp / テーブルのレスポンシブ化","未実施","未実施(旧証跡ありだが幅条件不足)","C:\sources\asp\netcampus\hao\work\_reserve2\test_evidence\firefox_reserve_intro_375_20260616.png | C:\sources\asp\netcampus\hao\work\_reserve2\test_evidence\firefox_reserve_intro_1280_20260616.png | C:\sources\asp\netcampus\hao\work\_reserve2\test_evidence\firefox_reserve_classlist_375_20260616.png | C:\sources\asp\netcampus\hao\work\_reserve2\test_evidence\firefox_reserve_classlist_640_20260616.png | C:\sources\asp\netcampus\hao\work\_reserve2\test_evidence\firefox_reserve_classlist_720_20260616.png | C:\sources\asp\netcampus\hao\work\_reserve2\test_evidence\firefox_reserve_classlist_750_20260616.png | C:\sources\asp\netcampus\hao\work\_reserve2\test_evidence\firefox_reserve_classlist_1280_20260616.png | C:\sources\asp\netcampus\hao\work\_reserve2\test_evidence\firefox_responsive_retest_20260616.json","reserve 系は 375/640/720/750/1280 の証跡があるが、シートの幅条件を完全充足していない。"
"A-134","A","Win Firefox / クラス選択 / reserve.asp / カレンダー表示","未実施","未実施(旧証跡ありだが幅条件不足)","C:\sources\asp\netcampus\hao\work\_reserve2\test_evidence\firefox_reserve_intro_375_20260616.png | C:\sources\asp\netcampus\hao\work\_reserve2\test_evidence\firefox_reserve_intro_1280_20260616.png | C:\sources\asp\netcampus\hao\work\_reserve2\test_evidence\firefox_reserve_classlist_375_20260616.png | C:\sources\asp\netcampus\hao\work\_reserve2\test_evidence\firefox_reserve_classlist_640_20260616.png | C:\sources\asp\netcampus\hao\work\_reserve2\test_evidence\firefox_reserve_classlist_720_20260616.png | C:\sources\asp\netcampus\hao\work\_reserve2\test_evidence\firefox_reserve_classlist_750_20260616.png | C:\sources\asp\netcampus\hao\work\_reserve2\test_evidence\firefox_reserve_classlist_1280_20260616.png | C:\sources\asp\netcampus\hao\work\_reserve2\test_evidence\firefox_responsive_retest_20260616.json","reserve 系は 375/640/720/750/1280 の証跡があるが、シートの幅条件を完全充足していない。"
"A-135","A","Win Firefox / クラス選択 / reserve.asp / ボタン配置(action-row)","未実施","未実施(旧証跡ありだが幅条件不足)","C:\sources\asp\netcampus\hao\work\_reserve2\test_evidence\firefox_reserve_intro_375_20260616.png | C:\sources\asp\netcampus\hao\work\_reserve2\test_evidence\firefox_reserve_intro_1280_20260616.png | C:\sources\asp\netcampus\hao\work\_reserve2\test_evidence\firefox_reserve_classlist_375_20260616.png | C:\sources\asp\netcampus\hao\work\_reserve2\test_evidence\firefox_reserve_classlist_640_20260616.png | C:\sources\asp\netcampus\hao\work\_reserve2\test_evidence\firefox_reserve_classlist_720_20260616.png | C:\sources\asp\netcampus\hao\work\_reserve2\test_evidence\firefox_reserve_classlist_750_20260616.png | C:\sources\asp\netcampus\hao\work\_reserve2\test_evidence\firefox_reserve_classlist_1280_20260616.png | C:\sources\asp\netcampus\hao\work\_reserve2\test_evidence\firefox_responsive_retest_20260616.json","reserve 系は 375/640/720/750/1280 の証跡があるが、シートの幅条件を完全充足していない。"
"A-136","A","Win Firefox / クラス選択 / reserve.asp / タップターゲット","未実施","未実施(旧証跡ありだが幅条件不足)","C:\sources\asp\netcampus\hao\work\_reserve2\test_evidence\firefox_reserve_intro_375_20260616.png | C:\sources\asp\netcampus\hao\work\_reserve2\test_evidence\firefox_reserve_intro_1280_20260616.png | C:\sources\asp\netcampus\hao\work\_reserve2\test_evidence\firefox_reserve_classlist_375_20260616.png | C:\sources\asp\netcampus\hao\work\_reserve2\test_evidence\firefox_reserve_classlist_640_20260616.png | C:\sources\asp\netcampus\hao\work\_reserve2\test_evidence\firefox_reserve_classlist_720_20260616.png | C:\sources\asp\netcampus\hao\work\_reserve2\test_evidence\firefox_reserve_classlist_750_20260616.png | C:\sources\asp\netcampus\hao\work\_reserve2\test_evidence\firefox_reserve_classlist_1280_20260616.png | C:\sources\asp\netcampus\hao\work\_reserve2\test_evidence\firefox_responsive_retest_20260616.json","reserve 系は 375/640/720/750/1280 の証跡があるが、シートの幅条件を完全充足していない。"
"A-137","A","Win Firefox / クラス選択 / reserve.asp / 縦/横画面切替","未実施","未実施(旧証跡ありだが幅条件不足)","C:\sources\asp\netcampus\hao\work\_reserve2\test_evidence\firefox_reserve_intro_375_20260616.png | C:\sources\asp\netcampus\hao\work\_reserve2\test_evidence\firefox_reserve_intro_1280_20260616.png | C:\sources\asp\netcampus\hao\work\_reserve2\test_evidence\firefox_reserve_classlist_375_20260616.png | C:\sources\asp\netcampus\hao\work\_reserve2\test_evidence\firefox_reserve_classlist_640_20260616.png | C:\sources\asp\netcampus\hao\work\_reserve2\test_evidence\firefox_reserve_classlist_720_20260616.png | C:\sources\asp\netcampus\hao\work\_reserve2\test_evidence\firefox_reserve_classlist_750_20260616.png | C:\sources\asp\netcampus\hao\work\_reserve2\test_evidence\firefox_reserve_classlist_1280_20260616.png | C:\sources\asp\netcampus\hao\work\_reserve2\test_evidence\firefox_responsive_retest_20260616.json","reserve 系は 375/640/720/750/1280 の証跡があるが、シートの幅条件を完全充足していない。"
"A-138","A","Win Firefox / クラス選択 / reserve.asp / ブラウザズーム200%","未実施","未実施(旧証跡ありだが幅条件不足)","C:\sources\asp\netcampus\hao\work\_reserve2\test_evidence\firefox_reserve_intro_375_20260616.png | C:\sources\asp\netcampus\hao\work\_reserve2\test_evidence\firefox_reserve_intro_1280_20260616.png | C:\sources\asp\netcampus\hao\work\_reserve2\test_evidence\firefox_reserve_classlist_375_20260616.png | C:\sources\asp\netcampus\hao\work\_reserve2\test_evidence\firefox_reserve_classlist_640_20260616.png | C:\sources\asp\netcampus\hao\work\_reserve2\test_evidence\firefox_reserve_classlist_720_20260616.png | C:\sources\asp\netcampus\hao\work\_reserve2\test_evidence\firefox_reserve_classlist_750_20260616.png | C:\sources\asp\netcampus\hao\work\_reserve2\test_evidence\firefox_reserve_classlist_1280_20260616.png | C:\sources\asp\netcampus\hao\work\_reserve2\test_evidence\firefox_responsive_retest_20260616.json","reserve 系は 375/640/720/750/1280 の証跡があるが、シートの幅条件を完全充足していない。"
"A-139","A","Win Firefox / クラス選択 / reserve.asp / 文字エンコード","未実施","未実施(旧証跡ありだが幅条件不足)","C:\sources\asp\netcampus\hao\work\_reserve2\test_evidence\firefox_reserve_intro_375_20260616.png | C:\sources\asp\netcampus\hao\work\_reserve2\test_evidence\firefox_reserve_intro_1280_20260616.png | C:\sources\asp\netcampus\hao\work\_reserve2\test_evidence\firefox_reserve_classlist_375_20260616.png | C:\sources\asp\netcampus\hao\work\_reserve2\test_evidence\firefox_reserve_classlist_640_20260616.png | C:\sources\asp\netcampus\hao\work\_reserve2\test_evidence\firefox_reserve_classlist_720_20260616.png | C:\sources\asp\netcampus\hao\work\_reserve2\test_evidence\firefox_reserve_classlist_750_20260616.png | C:\sources\asp\netcampus\hao\work\_reserve2\test_evidence\firefox_reserve_classlist_1280_20260616.png | C:\sources\asp\netcampus\hao\work\_reserve2\test_evidence\firefox_responsive_retest_20260616.json","reserve 系は 375/640/720/750/1280 の証跡があるが、シートの幅条件を完全充足していない。"
"A-140","A","Win Firefox / クラス選択 / reserve.asp / 長文・端値表示","未実施","未実施(旧証跡ありだが幅条件不足)","C:\sources\asp\netcampus\hao\work\_reserve2\test_evidence\firefox_reserve_intro_375_20260616.png | C:\sources\asp\netcampus\hao\work\_reserve2\test_evidence\firefox_reserve_intro_1280_20260616.png | C:\sources\asp\netcampus\hao\work\_reserve2\test_evidence\firefox_reserve_classlist_375_20260616.png | C:\sources\asp\netcampus\hao\work\_reserve2\test_evidence\firefox_reserve_classlist_640_20260616.png | C:\sources\asp\netcampus\hao\work\_reserve2\test_evidence\firefox_reserve_classlist_720_20260616.png | C:\sources\asp\netcampus\hao\work\_reserve2\test_evidence\firefox_reserve_classlist_750_20260616.png | C:\sources\asp\netcampus\hao\work\_reserve2\test_evidence\firefox_reserve_classlist_1280_20260616.png | C:\sources\asp\netcampus\hao\work\_reserve2\test_evidence\firefox_responsive_retest_20260616.json","reserve 系は 375/640/720/750/1280 の証跡があるが、シートの幅条件を完全充足していない。"
"A-141","A","Win Firefox / クラス選択 / reserve.asp / フォント・行間","未実施","未実施(旧証跡ありだが幅条件不足)","C:\sources\asp\netcampus\hao\work\_reserve2\test_evidence\firefox_reserve_intro_375_20260616.png | C:\sources\asp\netcampus\hao\work\_reserve2\test_evidence\firefox_reserve_intro_1280_20260616.png | C:\sources\asp\netcampus\hao\work\_reserve2\test_evidence\firefox_reserve_classlist_375_20260616.png | C:\sources\asp\netcampus\hao\work\_reserve2\test_evidence\firefox_reserve_classlist_640_20260616.png | C:\sources\asp\netcampus\hao\work\_reserve2\test_evidence\firefox_reserve_classlist_720_20260616.png | C:\sources\asp\netcampus\hao\work\_reserve2\test_evidence\firefox_reserve_classlist_750_20260616.png | C:\sources\asp\netcampus\hao\work\_reserve2\test_evidence\firefox_reserve_classlist_1280_20260616.png | C:\sources\asp\netcampus\hao\work\_reserve2\test_evidence\firefox_responsive_retest_20260616.json","reserve 系は 375/640/720/750/1280 の証跡があるが、シートの幅条件を完全充足していない。"
"A-142","A","Win Firefox / クラス選択 / reserve.asp / 画像欠落時(alt)","未実施","未実施(旧証跡ありだが幅条件不足)","C:\sources\asp\netcampus\hao\work\_reserve2\test_evidence\firefox_reserve_intro_375_20260616.png | C:\sources\asp\netcampus\hao\work\_reserve2\test_evidence\firefox_reserve_intro_1280_20260616.png | C:\sources\asp\netcampus\hao\work\_reserve2\test_evidence\firefox_reserve_classlist_375_20260616.png | C:\sources\asp\netcampus\hao\work\_reserve2\test_evidence\firefox_reserve_classlist_640_20260616.png | C:\sources\asp\netcampus\hao\work\_reserve2\test_evidence\firefox_reserve_classlist_720_20260616.png | C:\sources\asp\netcampus\hao\work\_reserve2\test_evidence\firefox_reserve_classlist_750_20260616.png | C:\sources\asp\netcampus\hao\work\_reserve2\test_evidence\firefox_reserve_classlist_1280_20260616.png | C:\sources\asp\netcampus\hao\work\_reserve2\test_evidence\firefox_responsive_retest_20260616.json","reserve 系は 375/640/720/750/1280 の証跡があるが、シートの幅条件を完全充足していない。"
"A-143","A","Win Firefox / エラー / error.asp / ブレークポイント表示","未実施","合格候補（旧証跡あり）","C:\sources\asp\netcampus\hao\work\_reserve2\test_evidence\A_error_WinFirefox_320.png | C:\sources\asp\netcampus\hao\work\_reserve2\test_evidence\A_error_WinFirefox_375.png | C:\sources\asp\netcampus\hao\work\_reserve2\test_evidence\A_error_WinFirefox_768.png | C:\sources\asp\netcampus\hao\work\_reserve2\test_evidence\A_error_WinFirefox_900.png | C:\sources\asp\netcampus\hao\work\_reserve2\test_evidence\A_error_WinFirefox_1024.png | C:\sources\asp\netcampus\hao\work\_reserve2\test_evidence\A_error_WinFirefox_1280.png | C:\sources\asp\netcampus\hao\work\_reserve2\test_evidence\A_error_WinFirefox_1920.png | C:\sources\asp\netcampus\hao\work\_reserve2\test_evidence\A_error_WinFirefox_codepage_375.png | C:\sources\asp\netcampus\hao\work\_reserve2\test_evidence\A_error_WinFirefox_imagesDisabled_375.png | C:\sources\asp\netcampus\hao\work\_reserve2\test_evidence\A_error_WinFirefox_rotate_375x667.png | C:\sources\asp\netcampus\hao\work\_reserve2\test_evidence\A_error_WinFirefox_rotate_667x375.png | C:\sources\asp\netcampus\hao\work\_reserve2\test_evidence\A_error_WinFirefox_zoom200.png | C:\sources\asp\netcampus\hao\work\_reserve2\test_evidence\bugfix_metrics_20260615.json","error.asp の既存証跡で裏付け可能。Excel は未実施のまま残っている。"
"A-144","A","Win Firefox / エラー / error.asp / 横スクロール発生なし","未実施","合格候補（旧証跡あり）","C:\sources\asp\netcampus\hao\work\_reserve2\test_evidence\A_error_WinFirefox_320.png | C:\sources\asp\netcampus\hao\work\_reserve2\test_evidence\A_error_WinFirefox_375.png | C:\sources\asp\netcampus\hao\work\_reserve2\test_evidence\A_error_WinFirefox_768.png | C:\sources\asp\netcampus\hao\work\_reserve2\test_evidence\A_error_WinFirefox_900.png | C:\sources\asp\netcampus\hao\work\_reserve2\test_evidence\A_error_WinFirefox_1024.png | C:\sources\asp\netcampus\hao\work\_reserve2\test_evidence\A_error_WinFirefox_1280.png | C:\sources\asp\netcampus\hao\work\_reserve2\test_evidence\A_error_WinFirefox_1920.png | C:\sources\asp\netcampus\hao\work\_reserve2\test_evidence\A_error_WinFirefox_codepage_375.png | C:\sources\asp\netcampus\hao\work\_reserve2\test_evidence\A_error_WinFirefox_imagesDisabled_375.png | C:\sources\asp\netcampus\hao\work\_reserve2\test_evidence\A_error_WinFirefox_rotate_375x667.png | C:\sources\asp\netcampus\hao\work\_reserve2\test_evidence\A_error_WinFirefox_rotate_667x375.png | C:\sources\asp\netcampus\hao\work\_reserve2\test_evidence\A_error_WinFirefox_zoom200.png | C:\sources\asp\netcampus\hao\work\_reserve2\test_evidence\bugfix_metrics_20260615.json","error.asp の既存証跡で裏付け可能。Excel は未実施のまま残っている。"
"A-145","A","Win Firefox / エラー / error.asp / ヘッダ画像の追従","未実施","合格候補（旧証跡あり）","C:\sources\asp\netcampus\hao\work\_reserve2\test_evidence\A_error_WinFirefox_320.png | C:\sources\asp\netcampus\hao\work\_reserve2\test_evidence\A_error_WinFirefox_375.png | C:\sources\asp\netcampus\hao\work\_reserve2\test_evidence\A_error_WinFirefox_768.png | C:\sources\asp\netcampus\hao\work\_reserve2\test_evidence\A_error_WinFirefox_900.png | C:\sources\asp\netcampus\hao\work\_reserve2\test_evidence\A_error_WinFirefox_1024.png | C:\sources\asp\netcampus\hao\work\_reserve2\test_evidence\A_error_WinFirefox_1280.png | C:\sources\asp\netcampus\hao\work\_reserve2\test_evidence\A_error_WinFirefox_1920.png | C:\sources\asp\netcampus\hao\work\_reserve2\test_evidence\A_error_WinFirefox_codepage_375.png | C:\sources\asp\netcampus\hao\work\_reserve2\test_evidence\A_error_WinFirefox_imagesDisabled_375.png | C:\sources\asp\netcampus\hao\work\_reserve2\test_evidence\A_error_WinFirefox_rotate_375x667.png | C:\sources\asp\netcampus\hao\work\_reserve2\test_evidence\A_error_WinFirefox_rotate_667x375.png | C:\sources\asp\netcampus\hao\work\_reserve2\test_evidence\A_error_WinFirefox_zoom200.png | C:\sources\asp\netcampus\hao\work\_reserve2\test_evidence\bugfix_metrics_20260615.json","error.asp の既存証跡で裏付け可能。Excel は未実施のまま残っている。"
"A-146","A","Win Firefox / エラー / error.asp / ボタン配置(action-row)","未実施","合格候補（旧証跡あり）","C:\sources\asp\netcampus\hao\work\_reserve2\test_evidence\A_error_WinFirefox_320.png | C:\sources\asp\netcampus\hao\work\_reserve2\test_evidence\A_error_WinFirefox_375.png | C:\sources\asp\netcampus\hao\work\_reserve2\test_evidence\A_error_WinFirefox_768.png | C:\sources\asp\netcampus\hao\work\_reserve2\test_evidence\A_error_WinFirefox_900.png | C:\sources\asp\netcampus\hao\work\_reserve2\test_evidence\A_error_WinFirefox_1024.png | C:\sources\asp\netcampus\hao\work\_reserve2\test_evidence\A_error_WinFirefox_1280.png | C:\sources\asp\netcampus\hao\work\_reserve2\test_evidence\A_error_WinFirefox_1920.png | C:\sources\asp\netcampus\hao\work\_reserve2\test_evidence\A_error_WinFirefox_codepage_375.png | C:\sources\asp\netcampus\hao\work\_reserve2\test_evidence\A_error_WinFirefox_imagesDisabled_375.png | C:\sources\asp\netcampus\hao\work\_reserve2\test_evidence\A_error_WinFirefox_rotate_375x667.png | C:\sources\asp\netcampus\hao\work\_reserve2\test_evidence\A_error_WinFirefox_rotate_667x375.png | C:\sources\asp\netcampus\hao\work\_reserve2\test_evidence\A_error_WinFirefox_zoom200.png | C:\sources\asp\netcampus\hao\work\_reserve2\test_evidence\bugfix_metrics_20260615.json","error.asp の既存証跡で裏付け可能。Excel は未実施のまま残っている。"
"A-147","A","Win Firefox / エラー / error.asp / タップターゲット","未実施","未実施(証跡不足)","C:\sources\asp\netcampus\hao\work\_reserve2\test_evidence\A_error_WinFirefox_375.png","対応画像はあるが、個別観点を裏付ける証跡が不足している。"
"A-148","A","Win Firefox / エラー / error.asp / 縦/横画面切替","未実施","合格候補（旧証跡あり）","C:\sources\asp\netcampus\hao\work\_reserve2\test_evidence\A_error_WinFirefox_320.png | C:\sources\asp\netcampus\hao\work\_reserve2\test_evidence\A_error_WinFirefox_375.png | C:\sources\asp\netcampus\hao\work\_reserve2\test_evidence\A_error_WinFirefox_768.png | C:\sources\asp\netcampus\hao\work\_reserve2\test_evidence\A_error_WinFirefox_900.png | C:\sources\asp\netcampus\hao\work\_reserve2\test_evidence\A_error_WinFirefox_1024.png | C:\sources\asp\netcampus\hao\work\_reserve2\test_evidence\A_error_WinFirefox_1280.png | C:\sources\asp\netcampus\hao\work\_reserve2\test_evidence\A_error_WinFirefox_1920.png | C:\sources\asp\netcampus\hao\work\_reserve2\test_evidence\A_error_WinFirefox_codepage_375.png | C:\sources\asp\netcampus\hao\work\_reserve2\test_evidence\A_error_WinFirefox_imagesDisabled_375.png | C:\sources\asp\netcampus\hao\work\_reserve2\test_evidence\A_error_WinFirefox_rotate_375x667.png | C:\sources\asp\netcampus\hao\work\_reserve2\test_evidence\A_error_WinFirefox_rotate_667x375.png | C:\sources\asp\netcampus\hao\work\_reserve2\test_evidence\A_error_WinFirefox_zoom200.png | C:\sources\asp\netcampus\hao\work\_reserve2\test_evidence\bugfix_metrics_20260615.json","error.asp の既存証跡で裏付け可能。Excel は未実施のまま残っている。"
"A-149","A","Win Firefox / エラー / error.asp / ブラウザズーム200%","未実施","合格候補（旧証跡あり）","C:\sources\asp\netcampus\hao\work\_reserve2\test_evidence\A_error_WinFirefox_320.png | C:\sources\asp\netcampus\hao\work\_reserve2\test_evidence\A_error_WinFirefox_375.png | C:\sources\asp\netcampus\hao\work\_reserve2\test_evidence\A_error_WinFirefox_768.png | C:\sources\asp\netcampus\hao\work\_reserve2\test_evidence\A_error_WinFirefox_900.png | C:\sources\asp\netcampus\hao\work\_reserve2\test_evidence\A_error_WinFirefox_1024.png | C:\sources\asp\netcampus\hao\work\_reserve2\test_evidence\A_error_WinFirefox_1280.png | C:\sources\asp\netcampus\hao\work\_reserve2\test_evidence\A_error_WinFirefox_1920.png | C:\sources\asp\netcampus\hao\work\_reserve2\test_evidence\A_error_WinFirefox_codepage_375.png | C:\sources\asp\netcampus\hao\work\_reserve2\test_evidence\A_error_WinFirefox_imagesDisabled_375.png | C:\sources\asp\netcampus\hao\work\_reserve2\test_evidence\A_error_WinFirefox_rotate_375x667.png | C:\sources\asp\netcampus\hao\work\_reserve2\test_evidence\A_error_WinFirefox_rotate_667x375.png | C:\sources\asp\netcampus\hao\work\_reserve2\test_evidence\A_error_WinFirefox_zoom200.png | C:\sources\asp\netcampus\hao\work\_reserve2\test_evidence\bugfix_metrics_20260615.json","error.asp の既存証跡で裏付け可能。Excel は未実施のまま残っている。"
"A-150","A","Win Firefox / エラー / error.asp / 文字エンコード","未実施","合格候補（旧証跡あり）","C:\sources\asp\netcampus\hao\work\_reserve2\test_evidence\A_error_WinFirefox_320.png | C:\sources\asp\netcampus\hao\work\_reserve2\test_evidence\A_error_WinFirefox_375.png | C:\sources\asp\netcampus\hao\work\_reserve2\test_evidence\A_error_WinFirefox_768.png | C:\sources\asp\netcampus\hao\work\_reserve2\test_evidence\A_error_WinFirefox_900.png | C:\sources\asp\netcampus\hao\work\_reserve2\test_evidence\A_error_WinFirefox_1024.png | C:\sources\asp\netcampus\hao\work\_reserve2\test_evidence\A_error_WinFirefox_1280.png | C:\sources\asp\netcampus\hao\work\_reserve2\test_evidence\A_error_WinFirefox_1920.png | C:\sources\asp\netcampus\hao\work\_reserve2\test_evidence\A_error_WinFirefox_codepage_375.png | C:\sources\asp\netcampus\hao\work\_reserve2\test_evidence\A_error_WinFirefox_imagesDisabled_375.png | C:\sources\asp\netcampus\hao\work\_reserve2\test_evidence\A_error_WinFirefox_rotate_375x667.png | C:\sources\asp\netcampus\hao\work\_reserve2\test_evidence\A_error_WinFirefox_rotate_667x375.png | C:\sources\asp\netcampus\hao\work\_reserve2\test_evidence\A_error_WinFirefox_zoom200.png | C:\sources\asp\netcampus\hao\work\_reserve2\test_evidence\bugfix_metrics_20260615.json","error.asp の既存証跡で裏付け可能。Excel は未実施のまま残っている。"
"A-151","A","Win Firefox / エラー / error.asp / 長文・端値表示","未実施","未実施(証跡不足)","C:\sources\asp\netcampus\hao\work\_reserve2\test_evidence\A_error_WinFirefox_375.png","対応画像はあるが、個別観点を裏付ける証跡が不足している。"
"A-152","A","Win Firefox / エラー / error.asp / フォント・行間","未実施","未実施(証跡不足)","C:\sources\asp\netcampus\hao\work\_reserve2\test_evidence\A_error_WinFirefox_375.png","対応画像はあるが、個別観点を裏付ける証跡が不足している。"
"A-153","A","Win Firefox / エラー / error.asp / 画像欠落時(alt)","未実施","合格候補（旧証跡あり）","C:\sources\asp\netcampus\hao\work\_reserve2\test_evidence\A_error_WinFirefox_320.png | C:\sources\asp\netcampus\hao\work\_reserve2\test_evidence\A_error_WinFirefox_375.png | C:\sources\asp\netcampus\hao\work\_reserve2\test_evidence\A_error_WinFirefox_768.png | C:\sources\asp\netcampus\hao\work\_reserve2\test_evidence\A_error_WinFirefox_900.png | C:\sources\asp\netcampus\hao\work\_reserve2\test_evidence\A_error_WinFirefox_1024.png | C:\sources\asp\netcampus\hao\work\_reserve2\test_evidence\A_error_WinFirefox_1280.png | C:\sources\asp\netcampus\hao\work\_reserve2\test_evidence\A_error_WinFirefox_1920.png | C:\sources\asp\netcampus\hao\work\_reserve2\test_evidence\A_error_WinFirefox_codepage_375.png | C:\sources\asp\netcampus\hao\work\_reserve2\test_evidence\A_error_WinFirefox_imagesDisabled_375.png | C:\sources\asp\netcampus\hao\work\_reserve2\test_evidence\A_error_WinFirefox_rotate_375x667.png | C:\sources\asp\netcampus\hao\work\_reserve2\test_evidence\A_error_WinFirefox_rotate_667x375.png | C:\sources\asp\netcampus\hao\work\_reserve2\test_evidence\A_error_WinFirefox_zoom200.png | C:\sources\asp\netcampus\hao\work\_reserve2\test_evidence\bugfix_metrics_20260615.json","error.asp の既存証跡で裏付け可能。Excel は未実施のまま残っている。"
"A-154","A","macOS Safari / コース選択 / index.asp / ブレークポイント表示","対象外","対象外","","この実行環境に実機/OSが無いため対象外。提出前に実機確認が必要。"
"A-155","A","macOS Safari / コース選択 / index.asp / 横スクロール発生なし","対象外","対象外","","この実行環境に実機/OSが無いため対象外。提出前に実機確認が必要。"
"A-156","A","macOS Safari / コース選択 / index.asp / ヘッダ画像の追従","対象外","対象外","","この実行環境に実機/OSが無いため対象外。提出前に実機確認が必要。"
"A-157","A","macOS Safari / コース選択 / index.asp / パンくずの折返し","対象外","対象外","","この実行環境に実機/OSが無いため対象外。提出前に実機確認が必要。"
"A-158","A","macOS Safari / コース選択 / index.asp / ボタン配置(action-row)","対象外","対象外","","この実行環境に実機/OSが無いため対象外。提出前に実機確認が必要。"
"A-159","A","macOS Safari / コース選択 / index.asp / タップターゲット","対象外","対象外","","この実行環境に実機/OSが無いため対象外。提出前に実機確認が必要。"
"A-160","A","macOS Safari / コース選択 / index.asp / 縦/横画面切替","対象外","対象外","","この実行環境に実機/OSが無いため対象外。提出前に実機確認が必要。"
"A-161","A","macOS Safari / コース選択 / index.asp / ブラウザズーム200%","対象外","対象外","","この実行環境に実機/OSが無いため対象外。提出前に実機確認が必要。"
"A-162","A","macOS Safari / コース選択 / index.asp / 文字エンコード","未実施","未実施","","ソース基準: CodePage=932 / Session.CodePage=932 / meta charset=shift_jis あり。表示確認は要ログインのため未実施。"
"A-163","A","macOS Safari / コース選択 / index.asp / 長文・端値表示","対象外","対象外","","この実行環境に実機/OSが無いため対象外。提出前に実機確認が必要。"
"A-164","A","macOS Safari / コース選択 / index.asp / フォント・行間","対象外","対象外","","この実行環境に実機/OSが無いため対象外。提出前に実機確認が必要。"
"A-165","A","macOS Safari / コース選択 / index.asp / 画像欠落時(alt)","対象外","対象外","","この実行環境に実機/OSが無いため対象外。提出前に実機確認が必要。"
"A-166","A","macOS Safari / 予約・キャンセル / main.asp / ブレークポイント表示","対象外","対象外","","この実行環境に実機/OSが無いため対象外。提出前に実機確認が必要。"
"A-167","A","macOS Safari / 予約・キャンセル / main.asp / 横スクロール発生なし","対象外","対象外","","この実行環境に実機/OSが無いため対象外。提出前に実機確認が必要。"
"A-168","A","macOS Safari / 予約・キャンセル / main.asp / ヘッダ画像の追従","対象外","対象外","","この実行環境に実機/OSが無いため対象外。提出前に実機確認が必要。"
"A-169","A","macOS Safari / 予約・キャンセル / main.asp / パンくずの折返し","対象外","対象外","","この実行環境に実機/OSが無いため対象外。提出前に実機確認が必要。"
"A-170","A","macOS Safari / 予約・キャンセル / main.asp / テーブルのレスポンシブ化","対象外","対象外","","この実行環境に実機/OSが無いため対象外。提出前に実機確認が必要。"
"A-171","A","macOS Safari / 予約・キャンセル / main.asp / ボタン配置(action-row)","対象外","対象外","","この実行環境に実機/OSが無いため対象外。提出前に実機確認が必要。"
"A-172","A","macOS Safari / 予約・キャンセル / main.asp / タップターゲット","対象外","対象外","","この実行環境に実機/OSが無いため対象外。提出前に実機確認が必要。"
"A-173","A","macOS Safari / 予約・キャンセル / main.asp / フォーム入力域(select)","対象外","対象外","","この実行環境に実機/OSが無いため対象外。提出前に実機確認が必要。"
"A-174","A","macOS Safari / 予約・キャンセル / main.asp / 縦/横画面切替","対象外","対象外","","この実行環境に実機/OSが無いため対象外。提出前に実機確認が必要。"
"A-175","A","macOS Safari / 予約・キャンセル / main.asp / ブラウザズーム200%","対象外","対象外","","この実行環境に実機/OSが無いため対象外。提出前に実機確認が必要。"
"A-176","A","macOS Safari / 予約・キャンセル / main.asp / 文字エンコード","未実施","未実施","","ソース基準: CodePage=932 / Session.CodePage=932 / meta charset=shift_jis あり。表示確認は要ログインのため未実施。"
"A-177","A","macOS Safari / 予約・キャンセル / main.asp / 長文・端値表示","対象外","対象外","","この実行環境に実機/OSが無いため対象外。提出前に実機確認が必要。"
"A-178","A","macOS Safari / 予約・キャンセル / main.asp / フォント・行間","対象外","対象外","","この実行環境に実機/OSが無いため対象外。提出前に実機確認が必要。"
"A-179","A","macOS Safari / 予約・キャンセル / main.asp / 画像欠落時(alt)","対象外","対象外","","この実行環境に実機/OSが無いため対象外。提出前に実機確認が必要。"
"A-180","A","macOS Safari / クラス選択 / reserve.asp / ブレークポイント表示","対象外","対象外","","この実行環境に実機/OSが無いため対象外。提出前に実機確認が必要。"
"A-181","A","macOS Safari / クラス選択 / reserve.asp / 横スクロール発生なし","対象外","対象外","","この実行環境に実機/OSが無いため対象外。提出前に実機確認が必要。"
"A-182","A","macOS Safari / クラス選択 / reserve.asp / ヘッダ画像の追従","対象外","対象外","","この実行環境に実機/OSが無いため対象外。提出前に実機確認が必要。"
"A-183","A","macOS Safari / クラス選択 / reserve.asp / パンくずの折返し","対象外","対象外","","この実行環境に実機/OSが無いため対象外。提出前に実機確認が必要。"
"A-184","A","macOS Safari / クラス選択 / reserve.asp / テーブルのレスポンシブ化","対象外","対象外","","この実行環境に実機/OSが無いため対象外。提出前に実機確認が必要。"
"A-185","A","macOS Safari / クラス選択 / reserve.asp / カレンダー表示","対象外","対象外","","この実行環境に実機/OSが無いため対象外。提出前に実機確認が必要。"
"A-186","A","macOS Safari / クラス選択 / reserve.asp / ボタン配置(action-row)","対象外","対象外","","この実行環境に実機/OSが無いため対象外。提出前に実機確認が必要。"
"A-187","A","macOS Safari / クラス選択 / reserve.asp / タップターゲット","対象外","対象外","","この実行環境に実機/OSが無いため対象外。提出前に実機確認が必要。"
"A-188","A","macOS Safari / クラス選択 / reserve.asp / 縦/横画面切替","対象外","対象外","","この実行環境に実機/OSが無いため対象外。提出前に実機確認が必要。"
"A-189","A","macOS Safari / クラス選択 / reserve.asp / ブラウザズーム200%","対象外","対象外","","この実行環境に実機/OSが無いため対象外。提出前に実機確認が必要。"
"A-190","A","macOS Safari / クラス選択 / reserve.asp / 文字エンコード","未実施","未実施","","ソース基準: CodePage=932 / Session.CodePage=932 / meta charset=shift_jis を追加済み。表示確認は要ログインのため未実施。"
"A-191","A","macOS Safari / クラス選択 / reserve.asp / 長文・端値表示","対象外","対象外","","この実行環境に実機/OSが無いため対象外。提出前に実機確認が必要。"
"A-192","A","macOS Safari / クラス選択 / reserve.asp / フォント・行間","対象外","対象外","","この実行環境に実機/OSが無いため対象外。提出前に実機確認が必要。"
"A-193","A","macOS Safari / クラス選択 / reserve.asp / 画像欠落時(alt)","対象外","対象外","","この実行環境に実機/OSが無いため対象外。提出前に実機確認が必要。"
"A-194","A","macOS Safari / エラー / error.asp / ブレークポイント表示","対象外","対象外","","実機/OSが無いため対象外。Chromiumによる代替合格はしない。"
"A-195","A","macOS Safari / エラー / error.asp / 横スクロール発生なし","対象外","対象外","","実機/OSが無いため対象外。Chromiumによる代替合格はしない。"
"A-196","A","macOS Safari / エラー / error.asp / ヘッダ画像の追従","対象外","対象外","","実機/OSが無いため対象外。Chromiumによる代替合格はしない。"
"A-197","A","macOS Safari / エラー / error.asp / ボタン配置(action-row)","対象外","対象外","","実機/OSが無いため対象外。Chromiumによる代替合格はしない。"
"A-198","A","macOS Safari / エラー / error.asp / タップターゲット","対象外","対象外","","実機/OSが無いため対象外。Chromiumによる代替合格はしない。"
"A-199","A","macOS Safari / エラー / error.asp / 縦/横画面切替","対象外","対象外","","実機/OSが無いため対象外。Chromiumによる代替合格はしない。"
"A-200","A","macOS Safari / エラー / error.asp / ブラウザズーム200%","対象外","対象外","","実機/OSが無いため対象外。Chromiumによる代替合格はしない。"
"A-201","A","macOS Safari / エラー / error.asp / 文字エンコード","未実施","未実施","","ソース基準: CodePage=932 / Session.CodePage=932 / meta charset=shift_jis を追加済み。表示証拠: "
"A-202","A","macOS Safari / エラー / error.asp / 長文・端値表示","対象外","対象外","","実機/OSが無いため対象外。Chromiumによる代替合格はしない。"
"A-203","A","macOS Safari / エラー / error.asp / フォント・行間","対象外","対象外","","実機/OSが無いため対象外。Chromiumによる代替合格はしない。"
"A-204","A","macOS Safari / エラー / error.asp / 画像欠落時(alt)","対象外","対象外","","実機/OSが無いため対象外。Chromiumによる代替合格はしない。"
"A-205","A","iOS Safari / コース選択 / index.asp / ブレークポイント表示","対象外","対象外","","この実行環境に実機/OSが無いため対象外。提出前に実機確認が必要。"
"A-206","A","iOS Safari / コース選択 / index.asp / 横スクロール発生なし","対象外","対象外","","この実行環境に実機/OSが無いため対象外。提出前に実機確認が必要。"
"A-207","A","iOS Safari / コース選択 / index.asp / ヘッダ画像の追従","対象外","対象外","","この実行環境に実機/OSが無いため対象外。提出前に実機確認が必要。"
"A-208","A","iOS Safari / コース選択 / index.asp / パンくずの折返し","対象外","対象外","","この実行環境に実機/OSが無いため対象外。提出前に実機確認が必要。"
"A-209","A","iOS Safari / コース選択 / index.asp / ボタン配置(action-row)","対象外","対象外","","この実行環境に実機/OSが無いため対象外。提出前に実機確認が必要。"
"A-210","A","iOS Safari / コース選択 / index.asp / タップターゲット","対象外","対象外","","この実行環境に実機/OSが無いため対象外。提出前に実機確認が必要。"
"A-211","A","iOS Safari / コース選択 / index.asp / 縦/横画面切替","対象外","対象外","","この実行環境に実機/OSが無いため対象外。提出前に実機確認が必要。"
"A-212","A","iOS Safari / コース選択 / index.asp / ブラウザズーム200%","対象外","対象外","","この実行環境に実機/OSが無いため対象外。提出前に実機確認が必要。"
"A-213","A","iOS Safari / コース選択 / index.asp / 文字エンコード","未実施","未実施","","ソース基準: CodePage=932 / Session.CodePage=932 / meta charset=shift_jis あり。表示確認は要ログインのため未実施。"
"A-214","A","iOS Safari / コース選択 / index.asp / 長文・端値表示","対象外","対象外","","この実行環境に実機/OSが無いため対象外。提出前に実機確認が必要。"
"A-215","A","iOS Safari / コース選択 / index.asp / フォント・行間","対象外","対象外","","この実行環境に実機/OSが無いため対象外。提出前に実機確認が必要。"
"A-216","A","iOS Safari / コース選択 / index.asp / 画像欠落時(alt)","対象外","対象外","","この実行環境に実機/OSが無いため対象外。提出前に実機確認が必要。"
"A-217","A","iOS Safari / 予約・キャンセル / main.asp / ブレークポイント表示","対象外","対象外","","この実行環境に実機/OSが無いため対象外。提出前に実機確認が必要。"
"A-218","A","iOS Safari / 予約・キャンセル / main.asp / 横スクロール発生なし","対象外","対象外","","この実行環境に実機/OSが無いため対象外。提出前に実機確認が必要。"
"A-219","A","iOS Safari / 予約・キャンセル / main.asp / ヘッダ画像の追従","対象外","対象外","","この実行環境に実機/OSが無いため対象外。提出前に実機確認が必要。"
"A-220","A","iOS Safari / 予約・キャンセル / main.asp / パンくずの折返し","対象外","対象外","","この実行環境に実機/OSが無いため対象外。提出前に実機確認が必要。"
"A-221","A","iOS Safari / 予約・キャンセル / main.asp / テーブルのレスポンシブ化","対象外","対象外","","この実行環境に実機/OSが無いため対象外。提出前に実機確認が必要。"
"A-222","A","iOS Safari / 予約・キャンセル / main.asp / ボタン配置(action-row)","対象外","対象外","","この実行環境に実機/OSが無いため対象外。提出前に実機確認が必要。"
"A-223","A","iOS Safari / 予約・キャンセル / main.asp / タップターゲット","対象外","対象外","","この実行環境に実機/OSが無いため対象外。提出前に実機確認が必要。"
"A-224","A","iOS Safari / 予約・キャンセル / main.asp / フォーム入力域(select)","対象外","対象外","","この実行環境に実機/OSが無いため対象外。提出前に実機確認が必要。"
"A-225","A","iOS Safari / 予約・キャンセル / main.asp / 縦/横画面切替","対象外","対象外","","この実行環境に実機/OSが無いため対象外。提出前に実機確認が必要。"
"A-226","A","iOS Safari / 予約・キャンセル / main.asp / ブラウザズーム200%","対象外","対象外","","この実行環境に実機/OSが無いため対象外。提出前に実機確認が必要。"
"A-227","A","iOS Safari / 予約・キャンセル / main.asp / 文字エンコード","未実施","未実施","","ソース基準: CodePage=932 / Session.CodePage=932 / meta charset=shift_jis あり。表示確認は要ログインのため未実施。"
"A-228","A","iOS Safari / 予約・キャンセル / main.asp / 長文・端値表示","対象外","対象外","","この実行環境に実機/OSが無いため対象外。提出前に実機確認が必要。"
"A-229","A","iOS Safari / 予約・キャンセル / main.asp / フォント・行間","対象外","対象外","","この実行環境に実機/OSが無いため対象外。提出前に実機確認が必要。"
"A-230","A","iOS Safari / 予約・キャンセル / main.asp / 画像欠落時(alt)","対象外","対象外","","この実行環境に実機/OSが無いため対象外。提出前に実機確認が必要。"
"A-231","A","iOS Safari / クラス選択 / reserve.asp / ブレークポイント表示","対象外","対象外","","この実行環境に実機/OSが無いため対象外。提出前に実機確認が必要。"
"A-232","A","iOS Safari / クラス選択 / reserve.asp / 横スクロール発生なし","対象外","対象外","","この実行環境に実機/OSが無いため対象外。提出前に実機確認が必要。"
"A-233","A","iOS Safari / クラス選択 / reserve.asp / ヘッダ画像の追従","対象外","対象外","","この実行環境に実機/OSが無いため対象外。提出前に実機確認が必要。"
"A-234","A","iOS Safari / クラス選択 / reserve.asp / パンくずの折返し","対象外","対象外","","この実行環境に実機/OSが無いため対象外。提出前に実機確認が必要。"
"A-235","A","iOS Safari / クラス選択 / reserve.asp / テーブルのレスポンシブ化","対象外","対象外","","この実行環境に実機/OSが無いため対象外。提出前に実機確認が必要。"
"A-236","A","iOS Safari / クラス選択 / reserve.asp / カレンダー表示","対象外","対象外","","この実行環境に実機/OSが無いため対象外。提出前に実機確認が必要。"
"A-237","A","iOS Safari / クラス選択 / reserve.asp / ボタン配置(action-row)","対象外","対象外","","この実行環境に実機/OSが無いため対象外。提出前に実機確認が必要。"
"A-238","A","iOS Safari / クラス選択 / reserve.asp / タップターゲット","対象外","対象外","","この実行環境に実機/OSが無いため対象外。提出前に実機確認が必要。"
"A-239","A","iOS Safari / クラス選択 / reserve.asp / 縦/横画面切替","対象外","対象外","","この実行環境に実機/OSが無いため対象外。提出前に実機確認が必要。"
"A-240","A","iOS Safari / クラス選択 / reserve.asp / ブラウザズーム200%","対象外","対象外","","この実行環境に実機/OSが無いため対象外。提出前に実機確認が必要。"
"A-241","A","iOS Safari / クラス選択 / reserve.asp / 文字エンコード","未実施","未実施","","ソース基準: CodePage=932 / Session.CodePage=932 / meta charset=shift_jis を追加済み。表示確認は要ログインのため未実施。"
"A-242","A","iOS Safari / クラス選択 / reserve.asp / 長文・端値表示","対象外","対象外","","この実行環境に実機/OSが無いため対象外。提出前に実機確認が必要。"
"A-243","A","iOS Safari / クラス選択 / reserve.asp / フォント・行間","対象外","対象外","","この実行環境に実機/OSが無いため対象外。提出前に実機確認が必要。"
"A-244","A","iOS Safari / クラス選択 / reserve.asp / 画像欠落時(alt)","対象外","対象外","","この実行環境に実機/OSが無いため対象外。提出前に実機確認が必要。"
"A-245","A","iOS Safari / エラー / error.asp / ブレークポイント表示","対象外","対象外","","実機/OSが無いため対象外。Chromiumによる代替合格はしない。"
"A-246","A","iOS Safari / エラー / error.asp / 横スクロール発生なし","対象外","対象外","","実機/OSが無いため対象外。Chromiumによる代替合格はしない。"
"A-247","A","iOS Safari / エラー / error.asp / ヘッダ画像の追従","対象外","対象外","","実機/OSが無いため対象外。Chromiumによる代替合格はしない。"
"A-248","A","iOS Safari / エラー / error.asp / ボタン配置(action-row)","対象外","対象外","","実機/OSが無いため対象外。Chromiumによる代替合格はしない。"
"A-249","A","iOS Safari / エラー / error.asp / タップターゲット","対象外","対象外","","実機/OSが無いため対象外。Chromiumによる代替合格はしない。"
"A-250","A","iOS Safari / エラー / error.asp / 縦/横画面切替","対象外","対象外","","実機/OSが無いため対象外。Chromiumによる代替合格はしない。"
"A-251","A","iOS Safari / エラー / error.asp / ブラウザズーム200%","対象外","対象外","","実機/OSが無いため対象外。Chromiumによる代替合格はしない。"
"A-252","A","iOS Safari / エラー / error.asp / 文字エンコード","未実施","未実施","","ソース基準: CodePage=932 / Session.CodePage=932 / meta charset=shift_jis を追加済み。表示証拠: "
"A-253","A","iOS Safari / エラー / error.asp / 長文・端値表示","対象外","対象外","","実機/OSが無いため対象外。Chromiumによる代替合格はしない。"
"A-254","A","iOS Safari / エラー / error.asp / フォント・行間","対象外","対象外","","実機/OSが無いため対象外。Chromiumによる代替合格はしない。"
"A-255","A","iOS Safari / エラー / error.asp / 画像欠落時(alt)","対象外","対象外","","実機/OSが無いため対象外。Chromiumによる代替合格はしない。"
"A-256","A","Android Chrome / コース選択 / index.asp / ブレークポイント表示","対象外","対象外","","この実行環境に実機/OSが無いため対象外。提出前に実機確認が必要。"
"A-257","A","Android Chrome / コース選択 / index.asp / 横スクロール発生なし","対象外","対象外","","この実行環境に実機/OSが無いため対象外。提出前に実機確認が必要。"
"A-258","A","Android Chrome / コース選択 / index.asp / ヘッダ画像の追従","対象外","対象外","","この実行環境に実機/OSが無いため対象外。提出前に実機確認が必要。"
"A-259","A","Android Chrome / コース選択 / index.asp / パンくずの折返し","対象外","対象外","","この実行環境に実機/OSが無いため対象外。提出前に実機確認が必要。"
"A-260","A","Android Chrome / コース選択 / index.asp / ボタン配置(action-row)","対象外","対象外","","この実行環境に実機/OSが無いため対象外。提出前に実機確認が必要。"
"A-261","A","Android Chrome / コース選択 / index.asp / タップターゲット","対象外","対象外","","この実行環境に実機/OSが無いため対象外。提出前に実機確認が必要。"
"A-262","A","Android Chrome / コース選択 / index.asp / 縦/横画面切替","対象外","対象外","","この実行環境に実機/OSが無いため対象外。提出前に実機確認が必要。"
"A-263","A","Android Chrome / コース選択 / index.asp / ブラウザズーム200%","対象外","対象外","","この実行環境に実機/OSが無いため対象外。提出前に実機確認が必要。"
"A-264","A","Android Chrome / コース選択 / index.asp / 文字エンコード","未実施","未実施","","ソース基準: CodePage=932 / Session.CodePage=932 / meta charset=shift_jis あり。表示確認は要ログインのため未実施。"
"A-265","A","Android Chrome / コース選択 / index.asp / 長文・端値表示","対象外","対象外","","この実行環境に実機/OSが無いため対象外。提出前に実機確認が必要。"
"A-266","A","Android Chrome / コース選択 / index.asp / フォント・行間","対象外","対象外","","この実行環境に実機/OSが無いため対象外。提出前に実機確認が必要。"
"A-267","A","Android Chrome / コース選択 / index.asp / 画像欠落時(alt)","対象外","対象外","","この実行環境に実機/OSが無いため対象外。提出前に実機確認が必要。"
"A-268","A","Android Chrome / 予約・キャンセル / main.asp / ブレークポイント表示","対象外","対象外","","この実行環境に実機/OSが無いため対象外。提出前に実機確認が必要。"
"A-269","A","Android Chrome / 予約・キャンセル / main.asp / 横スクロール発生なし","対象外","対象外","","この実行環境に実機/OSが無いため対象外。提出前に実機確認が必要。"
"A-270","A","Android Chrome / 予約・キャンセル / main.asp / ヘッダ画像の追従","対象外","対象外","","この実行環境に実機/OSが無いため対象外。提出前に実機確認が必要。"
"A-271","A","Android Chrome / 予約・キャンセル / main.asp / パンくずの折返し","対象外","対象外","","この実行環境に実機/OSが無いため対象外。提出前に実機確認が必要。"
"A-272","A","Android Chrome / 予約・キャンセル / main.asp / テーブルのレスポンシブ化","対象外","対象外","","この実行環境に実機/OSが無いため対象外。提出前に実機確認が必要。"
"A-273","A","Android Chrome / 予約・キャンセル / main.asp / ボタン配置(action-row)","対象外","対象外","","この実行環境に実機/OSが無いため対象外。提出前に実機確認が必要。"
"A-274","A","Android Chrome / 予約・キャンセル / main.asp / タップターゲット","対象外","対象外","","この実行環境に実機/OSが無いため対象外。提出前に実機確認が必要。"
"A-275","A","Android Chrome / 予約・キャンセル / main.asp / フォーム入力域(select)","対象外","対象外","","この実行環境に実機/OSが無いため対象外。提出前に実機確認が必要。"
"A-276","A","Android Chrome / 予約・キャンセル / main.asp / 縦/横画面切替","対象外","対象外","","この実行環境に実機/OSが無いため対象外。提出前に実機確認が必要。"
"A-277","A","Android Chrome / 予約・キャンセル / main.asp / ブラウザズーム200%","対象外","対象外","","この実行環境に実機/OSが無いため対象外。提出前に実機確認が必要。"
"A-278","A","Android Chrome / 予約・キャンセル / main.asp / 文字エンコード","未実施","未実施","","ソース基準: CodePage=932 / Session.CodePage=932 / meta charset=shift_jis あり。表示確認は要ログインのため未実施。"
"A-279","A","Android Chrome / 予約・キャンセル / main.asp / 長文・端値表示","対象外","対象外","","この実行環境に実機/OSが無いため対象外。提出前に実機確認が必要。"
"A-280","A","Android Chrome / 予約・キャンセル / main.asp / フォント・行間","対象外","対象外","","この実行環境に実機/OSが無いため対象外。提出前に実機確認が必要。"
"A-281","A","Android Chrome / 予約・キャンセル / main.asp / 画像欠落時(alt)","対象外","対象外","","この実行環境に実機/OSが無いため対象外。提出前に実機確認が必要。"
"A-282","A","Android Chrome / クラス選択 / reserve.asp / ブレークポイント表示","対象外","対象外","","この実行環境に実機/OSが無いため対象外。提出前に実機確認が必要。"
"A-283","A","Android Chrome / クラス選択 / reserve.asp / 横スクロール発生なし","対象外","対象外","","この実行環境に実機/OSが無いため対象外。提出前に実機確認が必要。"
"A-284","A","Android Chrome / クラス選択 / reserve.asp / ヘッダ画像の追従","対象外","対象外","","この実行環境に実機/OSが無いため対象外。提出前に実機確認が必要。"
"A-285","A","Android Chrome / クラス選択 / reserve.asp / パンくずの折返し","対象外","対象外","","この実行環境に実機/OSが無いため対象外。提出前に実機確認が必要。"
"A-286","A","Android Chrome / クラス選択 / reserve.asp / テーブルのレスポンシブ化","対象外","対象外","","この実行環境に実機/OSが無いため対象外。提出前に実機確認が必要。"
"A-287","A","Android Chrome / クラス選択 / reserve.asp / カレンダー表示","対象外","対象外","","この実行環境に実機/OSが無いため対象外。提出前に実機確認が必要。"
"A-288","A","Android Chrome / クラス選択 / reserve.asp / ボタン配置(action-row)","対象外","対象外","","この実行環境に実機/OSが無いため対象外。提出前に実機確認が必要。"
"A-289","A","Android Chrome / クラス選択 / reserve.asp / タップターゲット","対象外","対象外","","この実行環境に実機/OSが無いため対象外。提出前に実機確認が必要。"
"A-290","A","Android Chrome / クラス選択 / reserve.asp / 縦/横画面切替","対象外","対象外","","この実行環境に実機/OSが無いため対象外。提出前に実機確認が必要。"
"A-291","A","Android Chrome / クラス選択 / reserve.asp / ブラウザズーム200%","対象外","対象外","","この実行環境に実機/OSが無いため対象外。提出前に実機確認が必要。"
"A-292","A","Android Chrome / クラス選択 / reserve.asp / 文字エンコード","未実施","未実施","","ソース基準: CodePage=932 / Session.CodePage=932 / meta charset=shift_jis を追加済み。表示確認は要ログインのため未実施。"
"A-293","A","Android Chrome / クラス選択 / reserve.asp / 長文・端値表示","対象外","対象外","","この実行環境に実機/OSが無いため対象外。提出前に実機確認が必要。"
"A-294","A","Android Chrome / クラス選択 / reserve.asp / フォント・行間","対象外","対象外","","この実行環境に実機/OSが無いため対象外。提出前に実機確認が必要。"
"A-295","A","Android Chrome / クラス選択 / reserve.asp / 画像欠落時(alt)","対象外","対象外","","この実行環境に実機/OSが無いため対象外。提出前に実機確認が必要。"
"A-296","A","Android Chrome / エラー / error.asp / ブレークポイント表示","対象外","対象外","","実機/OSが無いため対象外。Chromiumによる代替合格はしない。"
"A-297","A","Android Chrome / エラー / error.asp / 横スクロール発生なし","対象外","対象外","","実機/OSが無いため対象外。Chromiumによる代替合格はしない。"
"A-298","A","Android Chrome / エラー / error.asp / ヘッダ画像の追従","対象外","対象外","","実機/OSが無いため対象外。Chromiumによる代替合格はしない。"
"A-299","A","Android Chrome / エラー / error.asp / ボタン配置(action-row)","対象外","対象外","","実機/OSが無いため対象外。Chromiumによる代替合格はしない。"
"A-300","A","Android Chrome / エラー / error.asp / タップターゲット","対象外","対象外","","実機/OSが無いため対象外。Chromiumによる代替合格はしない。"
"A-301","A","Android Chrome / エラー / error.asp / 縦/横画面切替","対象外","対象外","","実機/OSが無いため対象外。Chromiumによる代替合格はしない。"
"A-302","A","Android Chrome / エラー / error.asp / ブラウザズーム200%","対象外","対象外","","実機/OSが無いため対象外。Chromiumによる代替合格はしない。"
"A-303","A","Android Chrome / エラー / error.asp / 文字エンコード","未実施","未実施","","ソース基準: CodePage=932 / Session.CodePage=932 / meta charset=shift_jis を追加済み。表示証拠: "
"A-304","A","Android Chrome / エラー / error.asp / 長文・端値表示","対象外","対象外","","実機/OSが無いため対象外。Chromiumによる代替合格はしない。"
"A-305","A","Android Chrome / エラー / error.asp / フォント・行間","対象外","対象外","","実機/OSが無いため対象外。Chromiumによる代替合格はしない。"
"A-306","A","Android Chrome / エラー / error.asp / 画像欠落時(alt)","対象外","対象外","","実機/OSが無いため対象外。Chromiumによる代替合格はしない。"
"A-307","A","iPad Safari / コース選択 / index.asp / ブレークポイント表示","対象外","対象外","","この実行環境に実機/OSが無いため対象外。提出前に実機確認が必要。"
"A-308","A","iPad Safari / コース選択 / index.asp / 横スクロール発生なし","対象外","対象外","","この実行環境に実機/OSが無いため対象外。提出前に実機確認が必要。"
"A-309","A","iPad Safari / コース選択 / index.asp / ヘッダ画像の追従","対象外","対象外","","この実行環境に実機/OSが無いため対象外。提出前に実機確認が必要。"
"A-310","A","iPad Safari / コース選択 / index.asp / パンくずの折返し","対象外","対象外","","この実行環境に実機/OSが無いため対象外。提出前に実機確認が必要。"
"A-311","A","iPad Safari / コース選択 / index.asp / ボタン配置(action-row)","対象外","対象外","","この実行環境に実機/OSが無いため対象外。提出前に実機確認が必要。"
"A-312","A","iPad Safari / コース選択 / index.asp / タップターゲット","対象外","対象外","","この実行環境に実機/OSが無いため対象外。提出前に実機確認が必要。"
"A-313","A","iPad Safari / コース選択 / index.asp / 縦/横画面切替","対象外","対象外","","この実行環境に実機/OSが無いため対象外。提出前に実機確認が必要。"
"A-314","A","iPad Safari / コース選択 / index.asp / ブラウザズーム200%","対象外","対象外","","この実行環境に実機/OSが無いため対象外。提出前に実機確認が必要。"
"A-315","A","iPad Safari / コース選択 / index.asp / 文字エンコード","未実施","未実施","","ソース基準: CodePage=932 / Session.CodePage=932 / meta charset=shift_jis あり。表示確認は要ログインのため未実施。"
"A-316","A","iPad Safari / コース選択 / index.asp / 長文・端値表示","対象外","対象外","","この実行環境に実機/OSが無いため対象外。提出前に実機確認が必要。"
"A-317","A","iPad Safari / コース選択 / index.asp / フォント・行間","対象外","対象外","","この実行環境に実機/OSが無いため対象外。提出前に実機確認が必要。"
"A-318","A","iPad Safari / コース選択 / index.asp / 画像欠落時(alt)","対象外","対象外","","この実行環境に実機/OSが無いため対象外。提出前に実機確認が必要。"
"A-319","A","iPad Safari / 予約・キャンセル / main.asp / ブレークポイント表示","対象外","対象外","","この実行環境に実機/OSが無いため対象外。提出前に実機確認が必要。"
"A-320","A","iPad Safari / 予約・キャンセル / main.asp / 横スクロール発生なし","対象外","対象外","","この実行環境に実機/OSが無いため対象外。提出前に実機確認が必要。"
"A-321","A","iPad Safari / 予約・キャンセル / main.asp / ヘッダ画像の追従","対象外","対象外","","この実行環境に実機/OSが無いため対象外。提出前に実機確認が必要。"
"A-322","A","iPad Safari / 予約・キャンセル / main.asp / パンくずの折返し","対象外","対象外","","この実行環境に実機/OSが無いため対象外。提出前に実機確認が必要。"
"A-323","A","iPad Safari / 予約・キャンセル / main.asp / テーブルのレスポンシブ化","対象外","対象外","","この実行環境に実機/OSが無いため対象外。提出前に実機確認が必要。"
"A-324","A","iPad Safari / 予約・キャンセル / main.asp / ボタン配置(action-row)","対象外","対象外","","この実行環境に実機/OSが無いため対象外。提出前に実機確認が必要。"
"A-325","A","iPad Safari / 予約・キャンセル / main.asp / タップターゲット","対象外","対象外","","この実行環境に実機/OSが無いため対象外。提出前に実機確認が必要。"
"A-326","A","iPad Safari / 予約・キャンセル / main.asp / フォーム入力域(select)","対象外","対象外","","この実行環境に実機/OSが無いため対象外。提出前に実機確認が必要。"
"A-327","A","iPad Safari / 予約・キャンセル / main.asp / 縦/横画面切替","対象外","対象外","","この実行環境に実機/OSが無いため対象外。提出前に実機確認が必要。"
"A-328","A","iPad Safari / 予約・キャンセル / main.asp / ブラウザズーム200%","対象外","対象外","","この実行環境に実機/OSが無いため対象外。提出前に実機確認が必要。"
"A-329","A","iPad Safari / 予約・キャンセル / main.asp / 文字エンコード","未実施","未実施","","ソース基準: CodePage=932 / Session.CodePage=932 / meta charset=shift_jis あり。表示確認は要ログインのため未実施。"
"A-330","A","iPad Safari / 予約・キャンセル / main.asp / 長文・端値表示","対象外","対象外","","この実行環境に実機/OSが無いため対象外。提出前に実機確認が必要。"
"A-331","A","iPad Safari / 予約・キャンセル / main.asp / フォント・行間","対象外","対象外","","この実行環境に実機/OSが無いため対象外。提出前に実機確認が必要。"
"A-332","A","iPad Safari / 予約・キャンセル / main.asp / 画像欠落時(alt)","対象外","対象外","","この実行環境に実機/OSが無いため対象外。提出前に実機確認が必要。"
"A-333","A","iPad Safari / クラス選択 / reserve.asp / ブレークポイント表示","対象外","対象外","","この実行環境に実機/OSが無いため対象外。提出前に実機確認が必要。"
"A-334","A","iPad Safari / クラス選択 / reserve.asp / 横スクロール発生なし","対象外","対象外","","この実行環境に実機/OSが無いため対象外。提出前に実機確認が必要。"
"A-335","A","iPad Safari / クラス選択 / reserve.asp / ヘッダ画像の追従","対象外","対象外","","この実行環境に実機/OSが無いため対象外。提出前に実機確認が必要。"
"A-336","A","iPad Safari / クラス選択 / reserve.asp / パンくずの折返し","対象外","対象外","","この実行環境に実機/OSが無いため対象外。提出前に実機確認が必要。"
"A-337","A","iPad Safari / クラス選択 / reserve.asp / テーブルのレスポンシブ化","対象外","対象外","","この実行環境に実機/OSが無いため対象外。提出前に実機確認が必要。"
"A-338","A","iPad Safari / クラス選択 / reserve.asp / カレンダー表示","対象外","対象外","","この実行環境に実機/OSが無いため対象外。提出前に実機確認が必要。"
"A-339","A","iPad Safari / クラス選択 / reserve.asp / ボタン配置(action-row)","対象外","対象外","","この実行環境に実機/OSが無いため対象外。提出前に実機確認が必要。"
"A-340","A","iPad Safari / クラス選択 / reserve.asp / タップターゲット","対象外","対象外","","この実行環境に実機/OSが無いため対象外。提出前に実機確認が必要。"
"A-341","A","iPad Safari / クラス選択 / reserve.asp / 縦/横画面切替","対象外","対象外","","この実行環境に実機/OSが無いため対象外。提出前に実機確認が必要。"
"A-342","A","iPad Safari / クラス選択 / reserve.asp / ブラウザズーム200%","対象外","対象外","","この実行環境に実機/OSが無いため対象外。提出前に実機確認が必要。"
"A-343","A","iPad Safari / クラス選択 / reserve.asp / 文字エンコード","未実施","未実施","","ソース基準: CodePage=932 / Session.CodePage=932 / meta charset=shift_jis を追加済み。表示確認は要ログインのため未実施。"
"A-344","A","iPad Safari / クラス選択 / reserve.asp / 長文・端値表示","対象外","対象外","","この実行環境に実機/OSが無いため対象外。提出前に実機確認が必要。"
"A-345","A","iPad Safari / クラス選択 / reserve.asp / フォント・行間","対象外","対象外","","この実行環境に実機/OSが無いため対象外。提出前に実機確認が必要。"
"A-346","A","iPad Safari / クラス選択 / reserve.asp / 画像欠落時(alt)","対象外","対象外","","この実行環境に実機/OSが無いため対象外。提出前に実機確認が必要。"
"A-347","A","iPad Safari / エラー / error.asp / ブレークポイント表示","対象外","対象外","","実機/OSが無いため対象外。Chromiumによる代替合格はしない。"
"A-348","A","iPad Safari / エラー / error.asp / 横スクロール発生なし","対象外","対象外","","実機/OSが無いため対象外。Chromiumによる代替合格はしない。"
"A-349","A","iPad Safari / エラー / error.asp / ヘッダ画像の追従","対象外","対象外","","実機/OSが無いため対象外。Chromiumによる代替合格はしない。"
"A-350","A","iPad Safari / エラー / error.asp / ボタン配置(action-row)","対象外","対象外","","実機/OSが無いため対象外。Chromiumによる代替合格はしない。"
"A-351","A","iPad Safari / エラー / error.asp / タップターゲット","対象外","対象外","","実機/OSが無いため対象外。Chromiumによる代替合格はしない。"
"A-352","A","iPad Safari / エラー / error.asp / 縦/横画面切替","対象外","対象外","","実機/OSが無いため対象外。Chromiumによる代替合格はしない。"
"A-353","A","iPad Safari / エラー / error.asp / ブラウザズーム200%","対象外","対象外","","実機/OSが無いため対象外。Chromiumによる代替合格はしない。"
"A-354","A","iPad Safari / エラー / error.asp / 文字エンコード","未実施","未実施","","ソース基準: CodePage=932 / Session.CodePage=932 / meta charset=shift_jis を追加済み。表示証拠: "
"A-355","A","iPad Safari / エラー / error.asp / 長文・端値表示","対象外","対象外","","実機/OSが無いため対象外。Chromiumによる代替合格はしない。"
"A-356","A","iPad Safari / エラー / error.asp / フォント・行間","対象外","対象外","","実機/OSが無いため対象外。Chromiumによる代替合格はしない。"
"A-357","A","iPad Safari / エラー / error.asp / 画像欠落時(alt)","対象外","対象外","","実機/OSが無いため対象外。Chromiumによる代替合格はしない。"
"C1-01","C","index.asp / 該当コース0件","未実施","テストデータ不足","C:\sources\asp\netcampus\hao\work\_reserve2\test_evidence\uid_course_probe.asp | C:\sources\asp\netcampus\hao\work\_reserve2\test_evidence\remaining_case_probe_20260617.txt","current account uid=3070 has 2 reservable courses (61, 77). C1-01 is not reproducible with current account. evidence: uid_course_probe.asp / remaining_case_probe_20260617.txt"
"C1-02","C","index.asp / 該当コース1件","未実施","テストデータ不足","C:\sources\asp\netcampus\hao\work\_reserve2\test_evidence\uid_course_probe.asp | C:\sources\asp\netcampus\hao\work\_reserve2\test_evidence\remaining_case_probe_20260617.txt","current account uid=3070 has 2 reservable courses (61, 77). C1-02 is not reproducible with current account. evidence: uid_course_probe.asp / remaining_case_probe_20260617.txt"
"C1-03","C","index.asp / 該当コース複数","合格","合格","C:\sources\asp\netcampus\hao\work\_reserve2\test_evidence\C1_index_initial_20260615.png","index.asp?????????2????????????WEB???? / ????????????????evidence: C1_index_initial_20260615.png"
"C1-04","C","index.asp / 未選択で「次へ」","合格","合格","C:\sources\asp\netcampus\hao\work\_reserve2\test_evidence\C1_04_after_timeout_20260615.png","??????????error.asp??????????????????????????????evidence: C1_04_after_timeout_20260615.png"
"C1-05","C","index.asp / 選択して「次へ」","合格","合格","C:\sources\asp\netcampus\hao\work\_reserve2\test_evidence\C1_05_to_main_20260615.png","??????????WEB????????main.asp?????????????evidence: C1_05_to_main_20260615.png"
"C1-06","C","index.asp / 「閉じる」リンク","合格","合格","C:\sources\asp\netcampus\hao\work\_reserve2\test_evidence\C1_06_popup_before_close_chrome_20260617.png | C:\sources\asp\netcampus\hao\work\_reserve2\test_evidence\chrome_c1_c2_probe_20260617.json","script-opened popup ? index.asp ?????????????? window.close() ? popup ??????? Chrome ??????evidence: C1_06_popup_before_close_chrome_20260617.png / chrome_c1_c2_probe_20260617.json"
"main.asp（予約・キャンセル）","C","null / null","","","",""
"C2-01","C","main.asp / 残回数あり","合格","合格","C:\sources\asp\netcampus\hao\work\_reserve2\test_evidence\C1_05_to_main_20260615.png","???17??????select????????evidence: C1_05_to_main_20260615.png"
"C2-02","C","main.asp / 残回数0","未実施","テストデータ不足","C:\sources\asp\netcampus\hao\work\_reserve2\test_evidence\runtime_regression_notes_20260615.txt | C:\sources\asp\netcampus\hao\work\_reserve2\test_evidence\remaining_case_probe_20260617.txt","runtime evidence shows current account remaining count is 17, not 0. C2-02 is not reproducible with current account. evidence: runtime_regression_notes_20260615.txt / remaining_case_probe_20260617.txt"
"C2-03","C","main.asp / 学校未選択で予約","合格","合格","C:\sources\asp\netcampus\hao\work\_reserve2\test_evidence\C2_03_no_school_20260615.png","????????????error.asp?????????????????????????????????evidence: C2_03_no_school_20260615.png"
"C2-04","C","main.asp / 学校選択して予約","合格","合格","C:\sources\asp\netcampus\hao\work\_reserve2\test_evidence\C2_04_to_reserve_20260615.png","??????reserve.asp?School=5221?????????????evidence: C2_04_to_reserve_20260615.png"
"C2-05","C","main.asp / 学校Cookie記憶","合格","合格","C:\sources\asp\netcampus\hao\work\_reserve2\test_evidence\C2_main_after_reserve_20260615.png","???main.asp??????????????selected?????????????evidence: C2_main_after_reserve_20260615.png"
"C2-06","C","main.asp / 予約済リスト(CourseType=1)","未実施","実行条件不足","C:\sources\asp\netcampus\hao\work\_reserve2\test_evidence\teacher_join_probe.asp | C:\sources\asp\netcampus\hao\work\_reserve2\test_evidence\scenario_probe.asp | C:\sources\asp\netcampus\hao\work\_reserve2\test_evidence\chrome_c1_c2_probe_20260617.json","CourseType=1 ? course 77 (?????????) ???current account uid=3070 ?? course 77 ??????????????? UI ?????course 61 ? CourseType=2 ??? C2-06 ?????evidence: index.asp radio value check / teacher_join_probe.asp?uid=3070&course=77 / scenario_probe.asp?uid=3070&course=77 / chrome_c1_c2_probe_20260617.json(61????)"
"C2-07","C","main.asp / 予約済リスト(CourseType=2)","不合格","データ不足(不合格確定)","C:\sources\asp\netcampus\hao\work\_reserve2\test_evidence\C2_main_after_reserve_20260615.png | C:\sources\asp\netcampus\hao\work\_reserve2\test_evidence\runtime_regression_notes_20260615.txt","CourseType=2??????session_probe: ThisCourseType=2?????????????????????????????????????????????evidence: C2_main_after_reserve_20260615.png / runtime_regression_notes_20260615.txt"
"C2-08","C","main.asp / キャンセル期限内のレッスン","未実施","実行条件不足","C:\sources\asp\netcampus\hao\work\_reserve2\test_evidence\scenario_probe.asp | C:\sources\asp\netcampus\hao\work\_reserve2\test_evidence\remaining_case_probe_20260617.txt","current account reserved lesson is 2026-06-29 12:00 and is not past cancel deadline as of 2026-06-17. C2-08 is not reproducible with current account. evidence: scenario_probe.asp / remaining_case_probe_20260617.txt"
"C2-09","C","main.asp / 未選択でキャンセル","合格","合格","C:\sources\asp\netcampus\hao\work\_reserve2\test_evidence\C2_09_no_cancel_selection_20260615.png","???????????????error.asp????????????????????????????????????????evidence: C2_09_no_cancel_selection_20260615.png"
"C2-10","C","main.asp / キャンセル実行","合格","合格","C:\sources\asp\netcampus\hao\work\_reserve2\test_evidence\C2_10_cancel_done_20260615.png | C:\sources\asp\netcampus\hao\work\_reserve2\test_evidence\runtime_regression_notes_20260615.txt","12:00?12:50???????????????????16?17????????DB: cls_mirror_total 5?6, cls_total 5?6, les_count 1?0?evidence: C2_10_cancel_done_20260615.png / runtime_regression_notes_20260615.txt"
"C2-11","C","main.asp / CourseNumber>1のとき","合格","合格","C:\sources\asp\netcampus\hao\work\_reserve2\test_evidence\C1_05_to_main_20260615.png","CourseNumber=2????????????????session_probe????evidence: C1_05_to_main_20260615.png"
"reserve.asp（クラス選択）","C","null / null","","","",""
"C3-01","C","reserve.asp / 日付未選択(初期)","合格","合格","C:\sources\asp\netcampus\hao\work\_reserve2\test_evidence\C2_04_to_reserve_20260615.png","??reserve.asp??????????????????????evidence: C2_04_to_reserve_20260615.png"
"C3-02","C","reserve.asp / カレンダー前月/翌月","合格","合格","C:\sources\asp\netcampus\hao\work\_reserve2\test_evidence\C3_02_C3_06_july_no_class_20260615.png","2026?7?1??????/???????????????????evidence: C3_02_C3_06_july_no_class_20260615.png"
"C3-03","C","reserve.asp / 日付クリック","合格","合格","C:\sources\asp\netcampus\hao\work\_reserve2\test_evidence\C3_03_click_date_20260615.png","6?29??????????????????????evidence: C3_03_click_date_20260615.png"
"C3-04","C","reserve.asp / 当日セル強調","合格","合格","","calendar.jsで当日セルにcanowを付与する処理を確認。"
"C3-05","C","reserve.asp / うるう年2月","合格","合格","","calendar.jsのうるう年判定は4/100/400年ルールで実装済み。"
"C3-06","C","reserve.asp / 該当クラス0件","合格","合格","C:\sources\asp\netcampus\hao\work\_reserve2\test_evidence\C3_02_C3_06_july_no_class_20260615.png","2026?7?1??????????????????????????????evidence: C3_02_C3_06_july_no_class_20260615.png"
"C3-07","C","reserve.asp / 予約可クラス","合格","合格","C:\sources\asp\netcampus\hao\work\_reserve2\test_evidence\C3_03_click_date_20260615.png","2026?6?29? 12:00?12:50 ?????????????????????????evidence: C3_03_click_date_20260615.png"
"C3-08","C","reserve.asp / 満員(total=0)","未実施","テストデータ不足","C:\sources\asp\netcampus\hao\work\_reserve2\test_evidence\scenario_probe.asp | C:\sources\asp\netcampus\hao\work\_reserve2\test_evidence\remaining_case_probe_20260617.txt","probe on current account / future data found no total=0 class. C3-08 is not reproducible with current account. evidence: scenario_probe.asp / remaining_case_probe_20260617.txt"
"C3-09","C","reserve.asp / 予約期限切れ","未実施","テストデータ不足","C:\sources\asp\netcampus\hao\work\_reserve2\test_evidence\scenario_probe.asp | C:\sources\asp\netcampus\hao\work\_reserve2\test_evidence\remaining_case_probe_20260617.txt","probe on current account / future data found no closed class. C3-09 is not reproducible with current account. evidence: scenario_probe.asp / remaining_case_probe_20260617.txt"
"C3-10","C","reserve.asp / 既予約クラス","合格","合格","C:\sources\asp\netcampus\hao\work\_reserve2\test_evidence\C3_03_click_date_20260615.png","2026?6?29? 14:00?14:50 ????????????????????????evidence: C3_03_click_date_20260615.png"
"C3-11","C","reserve.asp / 時間重複クラス","未実施","テストデータ不足","C:\sources\asp\netcampus\hao\work\_reserve2\test_evidence\scenario_probe.asp | C:\sources\asp\netcampus\hao\work\_reserve2\test_evidence\remaining_case_probe_20260617.txt","probe on current account / future data found no overlapping class. C3-11 is not reproducible with current account. evidence: scenario_probe.asp / remaining_case_probe_20260617.txt"
"C3-12","C","reserve.asp / 未選択で予約","合格","合格","C:\sources\asp\netcampus\hao\work\_reserve2\test_evidence\C3_12_no_reserve_selection_20260615.png","????????????error.asp?????????????????????????????????????evidence: C3_12_no_reserve_selection_20260615.png"
"C3-13","C","reserve.asp / 予約実行","合格","合格","C:\sources\asp\netcampus\hao\work\_reserve2\test_evidence\C3_13_reserved_20260615.png | C:\sources\asp\netcampus\hao\work\_reserve2\test_evidence\runtime_regression_notes_20260615.txt","12:00?12:50????????????????????????????????????DB: cls_mirror_total 6?5, cls_total 6?5, les_count 0?1?evidence: C3_13_reserved_20260615.png / runtime_regression_notes_20260615.txt"
"C3-14","C","reserve.asp / 特殊文字を含む名称表示","合格","合格","","reserve.aspの主要出力はChkSecXss経由、テーブル状態出力もクラス値を固定文字列で制御していることを確認。特殊文字入り実データは未実施。"
"error.asp（エラー）","C","null / null","","","",""
"C4-01","C","error.asp / Message付きで遷移","合格","合格","","error.asp?Message=テスト<br>2行目 をEdge headlessで表示確認。<br>は文字列ではなく改行として表示。"
"C4-02","C","error.asp / 「戻る」「閉じる」","合格","合格","","error.aspの「戻る」はhistory.back、「閉じる」はwindow.closeをコード確認。Edge表示でボタン描画を確認。"
"BUG-001","BUG","index.asp / main.asp / reserve.asp / LogRecordがc:\log\hao\student_reservation.txtへ書き込めず、未ログインまたはエラー遷移系で800a0046「権限がありません」が発生する。","対応済","対応済","","2026/06/15 source retest OK. Runtime retest pending because _reserve2 ASP route is timeout/404 in this environment."
"BUG-002","BUG","reserve.asp / reserve.aspの先頭ディレクティブが <% @LANGUAGE = ""VBScript"" %> で、CodePage=932 と Session.CodePage=932 が無い。Shift_JISフォーム/表示の文字化けリスク。","対応済","対応済","C:\sources\asp\netcampus\hao\work\_reserve2\test_evidence\source_check_20260615.json","2026/06/15 source recheck OK: reserve.asp has CodePage=932 / Session.CodePage=932 / charset=shift_jis. Display regression still requires logged-in page. evidence: source_check_20260615.json"
"BUG-003","BUG","全画面（確認済: error.asp） / ヘッダ画像の751～900px帯で、画像本体の矩形がヘッダーコンテナを超えている。v2基準の「img.getBoundingClientRectで確認」に対し、Chrome/Edgeで768/900pxの数値証拠が基準未満足。","対応済","対応済","C:\sources\asp\netcampus\hao\work\_reserve2\test_evidence\bugfix_metrics_20260615.json","2026/06/15 local browser metrics OK. 768/900px imageExceedsHeader=false. evidence: bugfix_metrics_20260615.json"
"BUG-004","BUG","error.asp / error.aspの先頭ディレクティブが <% @LANGUAGE = ""VBScript"" %> で、CodePage=932 と Session.CodePage=932 が無い。v2のA-12基準を満たさない。","対応済","対応済","C:\sources\asp\netcampus\hao\work\_reserve2\test_evidence\source_check_20260615.json","2026/06/15 source recheck OK: error.asp has CodePage=932 / Session.CodePage=932 / charset=shift_jis. localhost ASP route was timeout/404, so runtime display remains limited to existing static/headless evidence. evidence: source_check_20260615.json"
"BUG-005","BUG","main.asp / CourseType=2 のキャンセル一覧で text_name / lesson_name が空になる。改修起因ではなく、対象データ不足により LEFT JOIN 結果が NULL/空文字になっている。","データ不足","データ不足","","2026/06/15 原因切り分け完了。元版でも同系統の JOIN 構造、対象データは text_name / lesson_name 空。"
"BUG-006","BUG","main.asp / include.inc / D:\Inetpub\haolog\lesson_reserve_cancel.log に出力されず、現テスト機では エラー71「ディスクは準備されていません。」が残る。","本番確認待ち","本番確認待ち","","2026/06/15 現テスト機では再現。D:\Inetpub\haolog 不在のため本番相当環境で要確認。"